Date,ICT,CNPF,ACEN,D05,Q0F,SU,TSM,VRT,SE,GRAB
2021-07-01,,,,750.6145348885401,49.495885063002184,7052.987768223994,5340.299668598163,1337.0056214958386,13321.94994155853,569.4521070975497
2021-07-02,,,,752.1814509805404,50.03978355013469,7105.979146079217,5380.024573269504,1316.4878380509836,13433.96867738734,559.5441394489972
2021-07-05,,,,753.4585268603497,50.537635971088115,7194.403420102705,5394.84154716655,1320.1135400652638,13470.96679152525,561.0851641777044
2021-07-06,,,,778.5484792696453,50.748801352581424,7245.68610586842,5457.628730231081,1355.190723127569,13595.986097524408,550.3888813296508
2021-07-07,,,,766.6119034816268,51.266077146748714,7360.10055410755,5440.32744605976,1342.6481841810019,13368.891828024294,553.5019059234619
2021-07-08,,,,754.2852530035198,51.38091527923367,7180.908881608179,5442.620361595851,1355.5206146353376,13374.563747406006,559.5276332543945
2021-07-09,,,,753.3427467215167,51.39146683986636,7403.718056114513,5552.16090594593,1361.8931011111417,13773.972357452381,566.5463972412108
2021-07-12,,,,762.4631853202669,50.39475648363223,7495.710891799148,5655.290344020526,1365.7655930930778,13800.99902194459,564.3270990675737
2021-07-13,,,,779.549514160425,51.71874140377097,7576.435098348443,5771.6485524809395,1370.526106148478,14197.302980508422,565.9919886522293
2021-07-14,,,,764.2071599628338,50.94141160309096,7382.053143967275,5757.095089860493,1332.202521472238,13836.59544488648,573.3867796485138
2021-07-15,,,,761.9432959885603,52.162468204156966,7375.17156861348,5437.320609251357,1323.153951964552,13492.039292252506,552.0679969787598
2021-07-16,,,,768.4755221194765,51.3395247657838,7273.76156038628,5363.045269474533,1328.765178188005,13451.717523303232,539.3756336892693
2021-07-19,,,,756.0073451005178,52.565119646641605,7159.138510175049,5361.241709251044,1336.322047316491,13756.86584669433,547.0678847965246
2021-07-20,,,,761.8925490395785,52.97431732336588,7333.723167453911,5481.504488771025,1380.920767477117,14285.96993184695,553.7831073130801
2021-07-21,,,,760.7972207305767,52.719939589428115,7406.17294070931,5534.649032795191,1402.268291944005,14971.991321812733,553.7069152138902
2021-07-22,,,,765.8560120787897,52.15670336520461,7440.939327068219,5405.23206008703,1373.8555274739774,14779.693726759637,546.8370756179429
2021-07-23,,,,766.801200090833,52.203774893445214,7560.543976837467,5402.979091893387,1385.562789351563,14939.165045655216,535.4952967595673
2021-07-26,,,,761.0612668206729,52.175701391021406,7550.829384608977,5349.919271924533,1373.9926470030478,14539.307993083494,552.5258306542964
2021-07-27,,,,761.8159439338931,52.118868849514726,7496.805097396617,5264.24339087744,1385.1233192572545,13626.734926334233,535.6736843879698
2021-07-28,,,,767.3812147991055,52.77021763509774,7573.810914404419,5352.788150868,1386.681221924082,13904.851184613653,541.983355988159
2021-07-29,,,,776.5275796786059,52.6463481666795,7537.626707929576,5376.9041718347,1405.9666401243885,14313.203038342297,535.3452053497313
2021-07-30,,,,776.5683017009375,52.23712180505566,7709.231572037628,5403.350448475743,1402.4450145581868,13878.421279010014,536.7234267440799
2021-08-02,,,,769.6759201661868,51.576918402631776,7683.598941021174,5380.686549927865,1378.5226720604333,14050.436141426093,542.4569911365506
2021-08-03,,,,767.0374785088779,51.93760030958411,7793.738735000863,5453.690516571078,1392.3629662405801,14138.596154170227,540.621286402893
2021-08-04,,,,775.7322321174771,51.60878932426145,7975.032139518071,5453.785828254739,1369.6732163849083,14624.723158062436,533.1488869043351
2021-08-05,,,,779.9614649988573,51.519500641507406,7917.640945606801,5468.909903204534,1354.5693050402915,15128.255981445312,532.9724412446594
2021-08-06,,,,792.7219922416637,52.024568484233704,7990.5703806602205,5475.536304473877,1363.2969303131104,15211.680061340332,544.7100076675415
2021-08-09,186.0,24.95,9.37,797.5124248447462,52.33895384438174,8044.405038033948,5530.050903726777,1389.8848567315727,15586.126686571632,543.4896446131133
2021-08-10,184.0,25.45,9.07,808.5682161355337,51.925506250707535,8033.349802281906,5404.108301644883,1355.3725283889362,14961.232292845147,530.0291769636533
2021-08-11,180.0,25.5,9.22,799.6261841348447,52.57630569713717,8236.269100681979,5404.459403989109,1359.2811310112447,15012.4592628479,533.7763505560688
2021-08-12,178.8,25.5,8.82,797.3658447421818,52.494824585002334,8175.776129584863,5371.109852952708,1376.3325082312367,15422.552166884765,529.7977436955262
2021-08-13,170.0,24.0,9.4,801.983515393524,52.679528796907185,8291.983527604876,5385.886990374769,1366.9018188031114,15515.538889980759,531.6694005020909
2021-08-16,182.0,25.5,9.22,795.1908447215453,52.7612827186699,8336.726425887771,5340.563259063871,1354.116718982652,14681.945033235475,524.6259638834381
2021-08-17,184.0,24.85,9.01,793.8619976265092,53.305466113225634,8442.32614983989,5204.528668702696,1363.4535420821485,15664.73906838533,530.5085643400198
2021-08-18,184.3,24.75,8.76,785.5529860506504,51.98204860312517,8391.772048951643,5153.455729200505,1357.6372435509038,16127.081813280936,533.5031841805649
2021-08-19,183.0,24.35,8.56,771.1127865742693,52.16273127731952,8290.33782440525,5144.291663835029,1336.273394118216,16214.953810449224,533.2272099092479
2021-08-20,178.0,25.0,8.95,774.1286084909866,51.9500328137357,8193.713016313854,5023.215389242861,1358.3655166231329,15590.550395310856,519.6346558537043
2021-08-23,180.0,24.8,9.11,770.7339020096953,51.612244099090795,8186.128299847433,5139.815548352315,1364.8246134145302,15840.623108912958,515.5752658655547
2021-08-24,177.3,25.0,9.28,775.6741873819785,52.40614979687793,8223.195381408237,5195.048938603024,1376.847724177118,15684.240142822266,515.7702162025453
2021-08-25,180.0,25.15,9.31,771.9737843095369,52.36852915677978,8118.292515666251,5381.699732408015,1373.8005646206148,15968.277474436327,515.8299022501888
2021-08-26,180.0,25.05,9.2,780.5814724283774,52.92519226543772,8136.03857415839,5423.629073985445,1383.3641044945543,16030.580754464725,518.6261892211915
2021-08-27,178.0,25.2,9.2,770.5398387186926,55.472909639627254,8146.969607304166,5447.868265683937,1404.3330890800644,16012.317829853273,525.2147871343368
2021-08-30,178.0,25.2,9.2,782.2926874257703,57.744696098956744,8194.65156764552,5463.624188054324,1415.365659461284,16528.61829597107,522.5278714801025
2021-08-31,186.1,25.5,9.59,772.1026397494112,56.39328917089817,8127.027838749025,5472.001506030763,1398.433581886551,16875.402326696785,536.2100114822388
2021-09-01,180.0,25.5,9.86,775.7367631342181,57.300501599083624,8189.303374389737,5510.6899533948745,1400.7530174971616,16877.48901317385,530.523281558686
2021-09-02,178.0,25.5,9.99,778.386093937477,56.03777933862276,8347.842298668074,5569.434270329657,1423.267113168622,16956.780155181885,534.7137839042662
2021-09-03,177.2,25.95,9.98,776.6153695249665,57.574904955740074,8309.691867580497,5692.060404125834,1397.4624510006324,17600.86135562742,529.9784317127232
2021-09-06,177.5,26.5,9.98,785.7375083766163,57.73364205407942,8372.909581786274,5703.373562243069,1400.2399537937526,17635.843649099115,531.0317813560869
2021-09-07,180.0,26.2,9.99,787.3240491728748,57.24259095031942,8368.081235096184,5747.07393867377,1395.245134090961,17549.94696917967,535.9678710166554
2021-09-08,186.5,26.45,10.0,775.9844270532664,57.92690742816665,8143.293639013706,5616.5299623381,1292.999817188902,17185.789497524966,536.8684753445996
2021-09-09,186.0,26.9,10.04,784.7273423440985,59.94354549546079,8226.857632344281,5684.284137482406,1254.1471502128115,16215.489109893795,540.3487434387207
2021-09-10,190.0,27.15,10.16,784.6017199784276,60.10720476232886,8225.936316414809,5645.4186758812575,1215.8687961548203,16211.066934585571,535.38853931427
2021-09-13,191.0,26.25,10.26,783.3584897584956,59.74020398682654,8261.343765036381,5689.321842319594,1191.0555604640977,16129.415896708379,528.726917904205
2021-09-14,188.0,27.2,10.2,784.4380880301638,59.15515086010682,8327.278797429872,5665.838936413347,1174.846419133777,16655.819098503096,510.8350411903375
2021-09-15,186.0,28.0,10.1,776.8971143187857,59.112525957365456,8258.692876131274,5595.450144349423,1170.959586085868,16867.49464695435,511.5903791900637
2021-09-16,191.0,28.5,10.48,775.1865603174319,58.96276463782746,8434.461574835497,5558.098253431206,1187.4586485328182,17047.42816274811,528.4598331505586
2021-09-17,188.0,28.5,10.36,781.780768487726,59.69873234896901,8223.062060691816,5453.743533313915,1181.7988347171777,17004.092588937376,522.918000022888
2021-09-20,190.9,28.05,10.4,767.0838998824689,59.80433318992237,7884.4780631509,5311.416926373728,1188.0357445569243,16490.887953344733,513.3077989265439
2021-09-21,190.5,27.25,10.4,764.1903863377704,59.536371471764966,7961.337751075302,5334.62935269039,1182.0467042102755,16513.96783152921,512.3796962335582
2021-09-22,193.0,29.0,10.84,755.8567865709387,59.874314952477086,8168.237286253633,5385.651697817229,1199.473166272437,16938.695828289492,512.2133807722093
2021-09-23,193.0,29.0,11.18,763.5598993090302,60.25701075547628,8166.081981667371,5415.366096705431,1208.2822787783298,17257.66550458374,513.6209857263566
2021-09-24,195.0,29.25,11.7,758.7849304753462,60.572628323749726,8058.818243965743,5370.740372272849,1190.0417633660254,17080.948202783475,515.323709569202
2021-09-27,204.0,28.7,12.1,782.6507094037416,61.69804776486679,8039.189140998144,5461.342532724957,1220.9822372168856,17082.008239547722,520.1919805603029
2021-09-28,195.2,28.0,11.7,783.6787316653305,61.28611516523496,7835.419110196891,5278.143879183219,1201.0051777482295,16140.24428278883,521.8366289610422
2021-09-29,200.0,27.0,11.3,786.3945704125922,61.479401464385745,7882.200317432072,5269.638130577834,1232.5358663541629,15902.686459877179,521.7925326891564
2021-09-30,195.0,26.8,11.28,790.5309018101,61.661523923974876,7785.974312617255,5279.72306325403,1224.9017752037616,16283.916309925844,522.1398152019501
2021-10-01,199.5,27.6,11.62,783.5339422659076,61.829482515082695,7695.5360598633515,5277.015414157882,1248.1491179817676,16331.113528948976,526.8925667249678
2021-10-04,195.4,27.05,11.92,787.4695729959274,60.240266714131316,7545.194779175835,5109.240565918299,1197.3156075960724,16096.230206631473,515.4439495492552
2021-10-05,195.0,28.0,11.96,788.547697350195,61.403023902717315,7734.0868886721555,5152.04086032731,1172.750806859607,16350.288326434325,517.601189125824
2021-10-06,192.2,28.0,12.4,783.3952231056659,60.88096598620606,7513.203656185897,5111.789327279868,1159.720787019738,15927.822685739142,510.65606568946896
2021-10-07,185.6,27.95,12.42,794.0477981456569,61.36442178564033,7699.706515137652,5228.328230917017,1172.749979414075,16526.049443244934,514.2570282313536
2021-10-08,182.1,27.5,12.62,788.9181162221374,61.028110017943234,7522.808688585073,5158.468678951118,1130.6066817863102,16373.161890994874,511.02823126174917
2021-10-11,185.0,26.3,12.84,784.3537116082975,61.03606847540698,7406.974837842748,5161.229649623332,1120.9016307069687,15984.609068794874,510.7873380939491
2021-10-12,178.6,25.65,12.92,787.7686684051062,61.545956826564634,7488.468854188666,5154.769203186035,1101.941551208496,16569.899688720703,514.0799961090088
2021-10-13,174.5,25.1,12.12,795.929983343437,62.290375716100755,7545.012852296774,5189.044989706599,1109.0110237507179,17808.116028060904,514.3377423820493
2021-10-14,169.1,24.8,11.7,788.6230032635306,62.16597677992649,7694.884762100898,5251.909559755877,1146.8893206213033,17410.101401158143,531.3213964687347
2021-10-15,178.9,26.0,11.32,795.9725892472401,62.19014442784313,7756.23774056357,5401.218610897136,1158.9099967379589,18010.372608184814,556.31474365139
2021-10-18,183.4,26.0,10.8,796.7975602264356,62.39919125101482,7651.101038290186,5413.006966748682,1171.7446799881873,18105.89066213288,541.5187201550289
2021-10-19,180.0,24.95,11.88,820.622593431614,62.741724597386565,7730.947927336872,5524.3275179974735,1187.4043424949632,18727.49875367433,531.2222795059206
2021-10-20,175.0,25.5,11.88,823.9079906384962,61.92369094521544,7719.3641111141305,5447.52890073607,1189.3356843063375,18360.670444744872,517.8258920224762
2021-10-21,183.0,26.2,11.48,822.3483063410362,62.004445940581775,7609.689865393401,5478.689343469741,1205.6555350292183,18491.969933013897,553.2830107612608
2021-10-22,183.0,26.8,11.04,824.4251727948725,61.86380498021596,7665.475513703818,5385.866793736786,1220.2914674989006,18098.980890243547,560.3399848937988
2021-10-25,183.4,27.2,11.36,823.3085050088571,60.969405538491046,7580.817294951036,5337.326842344162,1222.6425820799195,17674.802142282715,649.5104100690842
2021-10-26,189.0,26.3,11.98,825.8694101060174,60.486032369103675,7686.44667799301,5365.226429007947,1215.136448279838,17442.01797467284,655.9096217931365
2021-10-27,183.0,26.85,12.1,832.7948384862954,60.859195174877776,7873.7336210535195,5352.70628101888,1249.2667881122616,17294.24353457184,673.1215903839111
2021-10-28,189.0,27.0,12.3,824.6258967468124,60.529036755690086,7982.633795584965,5436.291021167999,1294.9485088212095,17858.014414934674,629.3060349664302
2021-10-29,180.0,28.3,12.26,826.2320102996255,60.82003724346724,8049.932383340529,5334.568552375538,1295.5252484862867,17415.563199443044,638.1870904449461
2021-11-01,180.0,28.3,12.26,827.2469345468819,59.103008670857584,7925.876121354786,5324.651812576805,1306.9205239785952,17847.001462850254,613.9884702787967
2021-11-02,177.0,27.25,12.24,834.0527618914095,59.16229551170355,8018.238296777614,5324.8642455878435,1261.9289672962623,18161.35636580689,604.9920043945312
2021-11-03,178.0,27.5,12.2,834.2649554582445,59.545042765103084,8104.892435275873,5305.10928860429,1291.371931272879,17779.5489431842,587.1886414407345
2021-11-04,178.0,28.0,12.26,842.332437797428,60.12085333673321,8270.032590947796,5525.91765761908,1359.461144784298,18092.011858909624,599.603562379074
2021-11-05,187.3,27.75,12.26,838.7451962884635,60.002241300547,8154.3148275591075,5501.855075583444,1387.5758922803143,18053.582505313097,601.9879410049471
2021-11-08,190.0,27.75,12.14,844.5821620101281,59.8452658935121,8214.768584837397,5632.33442799488,1379.4379398693927,17317.361031170352,617.0212806689451
2021-11-09,196.0,26.65,12.16,835.8290091329666,60.344392273747474,8188.687380308535,5654.036919677455,1346.4049440141025,17100.386454408872,782.5116081851957
2021-11-10,193.6,27.5,12.14,831.6778099916103,60.13381231869765,8188.484475131176,5496.465542517981,1333.025103128748,16845.471949508647,761.6384177795408
2021-11-11,192.0,26.9,12.28,827.8740355130052,59.61734465439935,8116.3681396093125,5469.746780395508,1328.6476135253906,16664.999389648438,852.9999732971191
2021-11-12,192.0,26.35,11.98,832.5580638343329,58.27815885994791,8174.655147770535,5506.61856842041,1332.4680082798004,17107.16167831421,820.5462920665741
2021-11-15,190.0,25.95,12.0,832.5456978208958,58.85047169872029,8128.225235164496,5445.734761729633,1334.5050824359423,17085.826123837265,743.663335704041
2021-11-16,195.0,25.65,12.08,834.3332000881617,59.53644710496425,8122.531270804316,5488.701453299727,1341.4910353009473,16568.080786633305,757.3176145767211
2021-11-17,194.8,24.95,12.0,841.8488197422412,60.04023117303848,8277.93827039737,5564.8895839601755,1344.8964747703867,15877.076710350346,688.7927523224644
2021-11-18,192.9,25.1,12.04,846.4414534413257,59.88439567676819,8305.318079642271,5748.658816604933,1332.0392413569061,15641.097123956308,689.5894778566362
2021-11-19,189.0,25.1,11.82,845.9473016608129,60.39813419001516,8430.228040837655,5788.041239748563,1351.3078789055799,15600.246495048515,704.5500106811523
2021-11-22,193.0,25.95,11.9,844.5273175751194,60.204068878186746,8405.04129443682,5816.6197432007175,1333.0933629775245,15068.623787993565,707.2626415109698
2021-11-23,198.0,27.0,12.04,842.8192145588915,61.19188478936556,8298.042319142132,5680.306002167752,1289.3992407106634,14539.441551982309,694.81055658681
2021-11-24,195.1,26.45,11.84,839.6789707632042,61.26503297816324,8086.835714325857,5636.554424497706,1317.4868593647843,14609.570293193101,677.5321522748272
2021-11-25,197.0,26.45,11.9,828.4453266633676,60.11098156737779,8057.127584182298,5616.735403932282,1312.8543663213495,14558.200723720947,675.1498416204122
2021-11-26,195.5,26.4,11.74,812.8904102683151,58.86989624757299,7785.555613503461,5439.94328988425,1287.862504529403,14898.797520728549,665.0800561904907
2021-11-29,197.9,27.0,11.28,794.6481129827711,59.56862080452098,7852.540333160567,5560.490310660156,1302.7578092906406,15006.755469750962,679.9275226593018
2021-11-30,197.9,27.0,11.28,771.9754556203368,59.65141660777466,8112.901131638445,5462.27925491333,1285.963865995407,14511.52661895752,640.7700134515762
2021-12-01,192.9,26.1,10.76,812.7613798666625,60.9088658441921,8480.458029530111,5624.761500792811,1238.8678423825186,13189.201959376223,554.6507694344327
2021-12-02,198.1,26.75,11.44,818.2972368883002,59.581411866724316,8397.722835926312,5681.187070281012,1287.4955701733197,13169.082469786052,441.3062620162964
2021-12-03,194.0,26.0,11.2,812.4798469226301,59.02713313927322,8309.226094358086,5561.825313694659,1278.9612920105938,12762.224507705076,452.7004194207766
2021-12-06,199.9,26.0,11.0,819.8053898483493,60.04508123811454,8394.961454485674,5549.868778127478,1294.2815865937446,12424.444643746596,452.9509620666504
2021-12-07,197.9,26.5,10.5,829.6857201516732,59.16786430746714,8696.547979305138,5713.52571338159,1334.486080885894,12724.245107672119,446.61527060127264
2021-12-08,197.9,26.5,10.5,828.7343578800551,59.22934850257693,8623.428037610754,5679.0913763046265,1342.1369757652283,13249.12924194336,447.8337672948837
2021-12-09,200.0,27.0,10.56,828.6390005210026,59.29667449099511,8742.526484081725,5563.555538476969,1301.577239512415,12816.439959106443,406.4239899978638
2021-12-10,197.4,27.0,10.74,827.7392232695067,59.60763140024938,8680.52516100416,5562.3170908309985,1294.7822854962287,12002.883350543212,359.16839205417637
2021-12-13,195.5,27.25,10.88,802.5619988914939,57.90347461798372,8446.600481495821,5277.476040538168,1240.9825612192872,11315.385147256718,351.1570062618921
2021-12-14,195.5,27.5,10.6,824.2745648364245,59.75183828017613,8458.76995764254,5430.037758600345,1222.5319179151556,11336.675039914553,342.54193071563714
2021-12-15,193.6,27.4,10.3,823.283719890566,59.56775001502145,8542.75779100757,5612.700118041277,1254.6192740655388,11407.67288017273,359.60610525979973
2021-12-16,196.7,27.35,10.76,834.3064852268509,58.43859648764947,8683.846443666285,5439.300876556663,1200.6478768316447,10769.97720729676,363.9862632751465
2021-12-17,197.9,27.5,10.62,835.113339055867,58.29675308013201,8569.197937871637,5404.391651642451,1192.0223300624639,10637.872509735113,378.4243212873462
2021-12-20,193.5,26.85,10.74,822.018241170071,58.73534077411896,8412.870066276962,5317.8416463295,1179.0845346088754,10238.74978432618,363.39400058364845
2021-12-21,193.2,26.6,10.6,820.7241390455889,58.10508900512607,8515.676479228072,5427.952582112077,1197.683949606333,11334.754972191295,363.02248987753046
2021-12-22,193.5,26.4,10.6,830.0873757414987,58.890598996203664,8618.82203153916,5615.196063137439,1189.1584863149837,11101.099006018136,365.5871617595694
2021-12-23,197.5,26.4,11.1,840.7389235395189,59.14440572325187,8864.196090547353,5629.395054938475,1242.2641160185158,11144.68934822845,368.8964851198198
2021-12-24,193.6,26.9,11.26,844.0091524410689,59.174168809605206,8828.538871985027,5616.720900374494,1239.4672528987576,11119.597928282165,368.06594275693897
2021-12-27,198.0,27.55,11.18,838.2706975423766,60.094022095277296,8895.947596460235,5688.509616723895,1240.6028607597036,10954.107602734934,353.6640365039202
2021-12-28,204.0,28.0,11.2,851.1180984696196,61.39807976179192,8991.474588386738,5694.9042186312145,1234.5151158080553,10887.878134834289,350.3960062828064
2021-12-29,205.0,27.9,11.18,860.5425801988675,62.021130756374696,9049.854530143195,5713.663069344766,1260.3366585183176,10831.33267639007,352.419590249443
2021-12-30,205.0,27.9,11.18,870.161325899518,63.23487446348436,9188.562730175796,5737.581375666778,1285.2048166134919,11499.251887933351,366.54475052499765
2021-12-31,200.0,29.25,11.0,868.9381230563703,63.725304209311794,9134.667537099014,5728.986348384293,1273.7405515869905,11461.782330526737,365.30556021518714
2022-01-03,195.0,28.5,10.5,868.5325096626033,63.44303069327426,9249.568577819004,6089.34317598003,1234.737545514945,11359.349147966132,367.26747284796147
2022-01-04,195.0,28.5,10.5,899.2201301873531,64.18241961178417,9415.669543963993,6374.629295563209,1224.465926201563,10171.943592840573,374.8153547128677
2022-01-05,198.0,28.5,10.1,887.742843322886,63.96838475874326,9446.409601823669,6090.562872193434,1172.8191452904284,9526.93420388794,355.8675101828576
2022-01-06,193.5,27.8,9.65,889.9237291465965,62.45284049569197,9041.844687020961,6076.359575407812,1185.6156157393707,9809.556002801517,338.41850079441065
2022-01-07,194.0,27.75,9.33,914.3055667036161,62.268284124549204,9008.809957045103,5919.34102843242,1157.8153858714795,9648.74725765991,351.1916949708939
2022-01-10,199.5,27.5,9.64,929.4648649566972,61.46011797072529,8527.951240123812,5948.908369156416,1200.011478655404,9579.813084497466,337.93032272323944
2022-01-11,194.1,27.3,9.15,945.8166341832805,61.92337500024074,8747.52409463945,6191.10295027087,1230.724522803459,10203.64017109375,337.267796036911
2022-01-12,195.7,27.45,9.0,938.7311711576784,61.3037141159988,8889.91334640594,6250.514429356204,1210.7424828736112,10202.519493774511,317.8750991821289
2022-01-13,203.0,27.3,9.52,944.3638927398101,61.978546934570325,8930.720877815838,6597.622283935547,1206.9659214019775,9208.050155639648,311.6100068092346
2022-01-14,198.5,27.3,9.5,958.9508894461792,62.26934742821187,8734.929215938158,6699.331993466185,1188.2742992299318,8969.41210049286,309.5197915937424
2022-01-17,203.0,27.45,9.5,959.3751906050584,61.508950579889294,8709.751933495887,6692.409527262207,1187.0464471566956,8960.143944772892,309.19996264678775
2022-01-18,211.4,27.4,9.56,963.4755182351101,61.90942232022926,8579.774059888463,6408.238719047629,1165.9260644365932,8783.129457922361,285.4208005706787
2022-01-19,204.4,27.0,9.5,966.7276680112033,61.808182924559766,8539.335094833183,6302.429401948844,1153.83584759332,8686.880613078305,292.4439954528807
2022-01-20,200.2,26.75,9.73,962.9336598855142,61.46296807188346,8587.590235656373,6124.8402511495515,1123.7784477847672,8732.919899577042,305.0308446894833
2022-01-21,199.9,25.9,9.65,955.0049515662898,61.418875298738996,8409.138893454827,5965.236450109805,1095.0514132659591,7958.291730111698,288.6240002117156
2022-01-24,201.0,26.1,9.59,952.5873241743705,60.78357842586762,7941.739916888793,5989.250034626923,1116.5206852227639,7639.211551922606,284.44959622421266
2022-01-25,202.0,26.5,9.63,945.9022968556765,59.390388875724256,7994.607713816522,5862.14306246402,1087.4725270467025,7462.9453845269745,299.71255843111066
2022-01-26,204.0,27.5,9.55,941.2859444330447,58.33598058838995,7987.013787338158,5837.160217496334,1048.0926439863397,6919.847086503636,303.1036937157187
2022-01-27,204.6,27.5,9.5,944.6417871121336,59.501989405992305,7992.777212923807,5565.100763065508,1007.0814011184557,6600.006035064696,293.77950631904605
2022-01-28,197.5,28.0,9.47,927.8940958030108,59.76589008549191,7709.4662331931295,5612.4404779765755,1024.9632070748485,7014.753816064447,282.91096847801236
2022-01-31,200.0,28.3,9.54,929.027694620891,59.480263003009405,7750.981463233637,5809.8217937440495,1058.6850916823096,7662.0432953874115,288.5181597175688
2022-02-01,200.0,28.3,9.54,935.3875847285062,59.88744993453093,8002.937899685062,5850.884779912652,1075.262221066645,8131.370500650024,291.61198937225345
2022-02-02,200.2,27.25,9.5,937.0470221139134,59.99369410000904,8113.003321979458,5900.533487454231,1085.97988493109,7539.639557829592,280.23076666139605
2022-02-03,203.0,27.55,9.5,950.4164312959385,59.99744267084092,7866.486632259852,5691.5683717636275,1064.8435669503378,7411.54343560792,254.47799337577817
2022-02-04,202.0,26.35,9.5,958.7357105734752,59.5210274370483,7816.822689425358,5742.77419241576,1084.2809120245802,7914.856235137326,271.6232445433234
2022-02-07,204.4,25.5,9.3,972.2979254648873,59.48601939460603,7864.090292559833,5805.451788100181,1099.2997774852847,7973.027854273096,272.7131135665695
2022-02-08,216.0,24.95,9.3,987.7712607058972,60.8554656649103,7949.573567748033,5942.05541960994,1158.7417081974709,8398.516565707396,269.2528035614014
2022-02-09,221.0,24.95,9.15,997.3321610004468,60.779885311727654,8090.074389219623,6026.07549952995,1173.6096157724387,8985.386880020145,286.6852530775068
2022-02-10,219.0,24.85,8.84,991.0738607821437,61.19715785549103,8116.2989932041155,5957.2844336074195,1146.7673149856273,8463.03010269592,326.37094102888113
2022-02-11,206.0,24.9,8.68,999.0156890396399,61.02514796583342,7844.699610334334,5780.876666974509,1081.8418576011754,8135.592178771971,302.7460021247862
2022-02-14,208.6,24.5,8.6,991.4171307889259,60.062081443987566,7539.560147325744,5692.1744888187095,1059.9791874495713,6605.148044605448,302.7210457714318
2022-02-15,216.0,23.7,8.2,979.9016055430931,61.329379725917214,7795.27708129845,5954.342126259347,1110.5556774789002,7694.347771110537,308.7000045776367
2022-02-16,217.8,23.85,8.8,985.3769467193416,61.21958734242699,7749.356067028919,5891.9697687917505,1121.400389851915,7261.638423535158,309.7916035732269
2022-02-17,215.6,24.15,9.0,981.0540982574865,63.15584247893405,7810.337170156329,5718.601545080892,1058.3392486585653,7072.043585192878,298.5003606771279
2022-02-18,217.0,24.55,8.85,979.8780665683523,62.34055144808282,7727.602286456673,5701.881181844976,1047.9620769782632,6565.819691729732,283.8383889118195
2022-02-21,212.0,24.55,8.59,979.2315262841934,60.44500850794886,7410.817125406516,5702.9903027003165,1048.165924894085,6567.09686452942,283.8936007036209
2022-02-22,220.0,25.6,8.86,973.8300390725717,59.957788675346244,7434.104530459093,5599.137024114607,1004.0297216796898,6478.351509436034,266.41009762039175
2022-02-23,216.0,25.35,8.65,978.653555371952,59.25823995657012,7369.907709074638,5535.361944448843,633.3876586422994,6193.1611925485195,272.3511153005602
2022-02-24,210.0,25.0,8.21,926.3880716267869,59.49885206506981,7118.077764629174,5315.6035260192875,630.6056527938017,6274.979868888855,281.1599941253662
2022-02-25,210.0,25.0,8.21,930.7252623692328,60.884981477801276,7363.599604116547,5313.667703824991,675.5114280963826,7065.444554840098,298.1200186538699
2022-02-28,210.6,26.75,8.5,894.7829832009719,61.06557394858644,7307.160943445053,5093.968195148511,663.9407371310808,7457.340894885245,295.0156831095883
2022-03-01,218.0,25.55,8.41,914.275575698569,61.597417730322235,6980.75088651422,5149.702093599597,642.790424380597,6486.919845581055,283.0655922836304
2022-03-02,218.0,24.8,8.1,886.7568013523022,61.11787683586482,7192.1265533193355,5240.3521385409695,614.5791500812593,6057.059838294983,269.0311937988281
2022-03-03,228.0,25.3,8.34,888.33265941889,61.41073810954692,7121.294525485825,5217.0223142225295,590.7694033341977,5677.733940671082,169.2381589241886
2022-03-04,226.2,24.5,8.13,869.5121090891674,61.2713033932225,6747.67560659463,5031.608029837953,542.2889878078422,5021.083206860349,173.1407904927255
2022-03-07,229.0,22.8,8.06,852.8472284640352,61.39648550440309,6724.092730714077,4784.797308301495,518.8125456241178,4665.981251922611,174.21598943376557
2022-03-08,219.0,21.4,7.64,847.2978969137822,61.438983280807086,6996.941769080673,4891.507113279717,533.9532183960582,4817.223933518981,170.52120396261216
2022-03-09,225.0,19.98,7.79,872.6535062943697,60.96272860171561,7601.702678819773,5131.002280208806,571.9114980307895,5207.697063446045,165.17342753060348
2022-03-10,233.0,21.05,8.14,887.7891019071673,60.53822505711186,7355.083597350871,5041.7305020513595,591.7298203743485,5163.21087095642,171.67219901351928
2022-03-11,226.0,21.0,8.28,902.7704673896516,60.87499084079157,7465.676060397213,4948.884095085086,618.9628366115357,4780.237325293274,164.8719854123783
2022-03-14,212.0,20.6,7.88,894.2003943595616,60.47893440505018,7621.190149059525,4830.87150075892,580.0397251500108,4594.756411475828,158.07888434707638
2022-03-15,220.0,21.5,8.1,916.9071031539844,60.67886584235356,7698.79126742544,4995.637262548669,623.2696290881795,4936.990466339106,159.52950311708446
2022-03-16,218.0,21.25,8.15,933.570697859599,60.86038549507183,8073.179615593536,5183.613883952377,644.1785987988987,5848.292961741332,185.38500246476178
2022-03-17,224.8,20.9,8.43,937.9466017237601,61.17559103165692,8041.717209327766,5197.986316841561,687.9465401853668,5970.459390239557,197.56925204466825
2022-03-18,224.8,20.4,8.2,942.5437281176494,59.92862551703948,7999.205987378544,5209.5135707849695,697.353446458681,6405.165903948975,214.30699689197536
2022-03-21,220.2,20.7,7.9,957.3899024731307,61.88835873403809,7981.977551312549,5246.435252865194,682.1499671547645,6001.872815463867,203.33753327842714
2022-03-22,227.8,21.15,7.97,953.4746710589059,61.91671025857007,8091.989383097003,5261.821473000688,703.2978328486206,6553.306629180908,197.3887538909912
2022-03-23,220.4,21.5,8.03,955.5808149716921,61.510805692400176,7966.978482093673,5165.26388168335,685.2636480331421,6658.0499839782715,194.77500200271606
2022-03-24,222.0,21.8,8.15,967.9956547680274,60.91432682674333,7958.363893281378,5293.992439804249,668.3579103816883,6477.62967665802,190.67301756214147
2022-03-25,224.0,21.5,8.3,964.9206389899518,61.379223912751634,7683.410999970098,5223.65723847397,670.4835147825652,6085.501157581486,172.94310243573182
2022-03-28,218.0,22.1,8.38,974.5603893022027,61.032364256082374,7758.246758926204,5178.558572465845,677.5798985372967,6100.5073535614065,179.39600823307046
2022-03-29,216.0,22.2,8.39,967.4219242166416,59.44127119344717,8094.8895314684405,5317.70958340494,707.8063819790259,6638.0030957763665,203.78920029716483
2022-03-30,222.0,23.0,8.53,973.5892259625717,60.15990013465207,8045.913707701275,5187.873870740441,710.4560285537773,6424.805288508302,184.77039870986937
2022-03-31,224.8,23.5,8.73,969.1136888949427,60.688198084242956,8078.960330036376,5073.849125209381,726.3480861385324,6242.257020822144,182.38500213623047
2022-04-01,226.6,23.25,8.7,954.6814734306636,60.255299004500095,8083.687139212662,4973.128946305485,752.0267017096048,6273.706491384888,179.76682063501357
2022-04-04,224.8,24.2,8.86,948.408102410132,60.19251583879743,8129.340332288212,5047.970858313376,744.1530136848742,6845.963200173341,202.2014468064881
2022-04-05,226.0,24.05,8.85,955.4853252843873,59.70146340852477,7828.400164948305,4921.8612388505135,709.0097785934777,6419.926628519897,189.98581089097024
2022-04-06,222.0,24.0,8.6,948.8123549409494,62.229581717057876,7374.696979181291,4855.926796880085,698.9161166056147,6206.3700537750265,184.49009339799886
2022-04-07,218.0,23.3,8.35,938.2842486322063,62.27066236882571,7364.9973068194295,4830.914979056921,690.1468015495338,5982.341079711914,179.0842758838844
2022-04-08,225.0,23.5,8.54,923.0137007137736,62.624786086977636,7441.00013056042,4781.353572551947,695.1217796217206,5899.952691304323,186.14603161617288
2022-04-11,223.0,23.5,8.55,913.8610230530795,61.39437935707889,7330.373901802232,4700.895518817182,665.6810668893122,5877.648733128357,181.5967995531082
2022-04-12,218.6,22.5,8.32,902.283536496425,62.09369688538851,7359.535860418052,4754.237106133689,643.4430284845512,5684.256043228146,177.63300135087957
2022-04-13,220.4,22.65,8.5,911.5963625260076,62.7023127654269,7318.539839275963,4949.012150841823,681.9981917571131,5908.605500790407,181.69079780979155
2022-04-14,220.4,22.65,8.5,910.6640007923392,63.4293672785021,7338.441634654692,4795.450732047553,643.4702008586901,5668.419194406131,167.05600834870347
2022-04-18,223.6,21.695,8.34,899.1872459098713,61.725513370918335,7279.074608828013,4812.396199401497,626.4415025431772,5427.453188381041,159.12460021152492
2022-04-19,224.8,22.477,8.41,901.3442641434632,61.873583818341295,7261.119510982016,4868.560521009495,682.1317134050332,5636.722339117434,172.46179197616584
2022-04-20,231.0,21.988,8.6,908.0679781824218,63.098486170763366,7434.032598975963,4870.784066471213,676.560097263693,5276.654807071842,158.55776389430048
2022-04-21,222.2,21.988,8.45,909.1617752218312,62.28597731329499,7636.497893174647,4772.723976890906,648.1370281222335,4773.542830908205,149.66379974718075
2022-04-22,225.0,21.988,8.2,917.9557866378167,63.63314963329546,7392.649567562575,4692.668178103864,608.1003581468831,4601.539534501033,149.6734401209833
2022-04-25,226.2,21.988,8.16,906.3294742810125,61.47070018276092,7190.473044797806,4710.516676043975,629.2992121399329,4691.743010403443,149.89259406557085
2022-04-26,223.0,21.744,8.25,896.2105521604165,61.44668537394998,7015.768399362651,4551.591887858143,603.61286736271,4376.773973262636,142.37256010192868
2022-04-27,218.6,21.549,8.01,888.1186902670512,61.15099691492714,6911.974039633801,4420.3507713864965,671.9498957331525,4327.348510638432,142.11239827880854
2022-04-28,220.0,21.5,8.0,885.9562258940848,62.88505299869512,6943.4274055675005,4646.364097595215,663.7929441928864,4425.574840545654,149.43499451875687
2022-04-29,215.6,21.988,7.22,911.9962694402421,62.69816909262703,6939.859958202413,4561.525775922113,655.6953103296801,4349.865825933841,155.05200655746467
2022-05-02,215.6,22.379,7.4,909.8428216830141,62.550123276937796,6690.81529631754,4582.127420005156,656.9941560127918,4641.147990155034,162.74630020494442
2022-05-03,215.6,22.379,7.4,915.5138441414272,62.93999628074285,6626.606008474693,4610.750311611599,669.3658914058469,4618.620466801454,166.09950358676906
2022-05-04,215.0,21.695,7.62,920.9160417160472,62.168677351810274,6568.860800095439,4730.552422780485,698.2450151169687,4758.270844651794,167.80860497846606
2022-05-05,211.0,22.086,7.8,910.0645415168592,62.86046293868617,6582.9107325419745,4516.354159824259,653.6525040640554,4298.636954692076,159.01439711151124
2022-05-06,220.2,21.255,7.6,888.2066415440744,61.439171917742776,6403.922261374772,4484.878415439918,637.1262544774509,3993.6418284301762,157.75409904088974
2022-05-09,220.2,21.255,7.6,881.2749960935009,60.38232682579123,6141.534598396836,4272.373337337747,582.2588303640077,3386.2819960409543,146.72839715943337
2022-05-10,219.8,19.887,7.2,878.050401220743,61.29615686318375,6339.016853012942,4397.939704871533,530.5196184376655,3402.8236455596925,145.8050012588501
2022-05-11,218.0,19.838,6.92,864.5958622616445,60.678357352393945,6445.9925489591615,4309.548760245496,531.9939652638277,3000.5594843536383,131.87540179691314
2022-05-12,214.8,21.011,6.6,838.7903652496032,60.79376822441222,6429.917130134222,4286.873530329089,544.1115457749111,3216.7231974388123,141.33690282568932
2022-05-13,203.448,19.887,6.23,845.0382085340918,60.91322081700678,6460.433744283805,4473.320584267087,592.4544274901491,3970.564068847656,148.5011960542679
2022-05-16,205.028,20.327,6.61,841.384718576427,60.64986486659359,6338.619764664856,4417.058554742223,561.9984186117435,3679.243657839659,134.70855037279125
2022-05-17,200.485,21.109,6.7,839.4131604017807,60.581158392608835,6592.058746769534,4570.210374090413,595.7224672713164,4206.212241838075,143.16119725112912
2022-05-18,215.102,21.109,7.04,848.2260378633466,62.694528791400494,6526.3015394112535,4436.955898798071,570.5742027867636,3894.015805877687,132.77439734039308
2022-05-19,208.781,20.718,7.0,833.7525393203119,62.24321015372708,6394.32419512626,4411.163070829352,572.3973878826655,4025.9604149719235,164.41040740928656
2022-05-20,207.596,21.109,7.06,844.7350608548734,60.949914414381155,6471.002787324297,4419.536484520562,562.6167910076911,4152.676075991825,167.33730541725163
2022-05-23,207.398,21.109,7.1,833.634426059811,61.42679590845725,6579.07141935214,4464.67245441454,561.2894149853673,4036.1580848693848,150.99672865608227
2022-05-24,211.151,21.158,7.05,833.5986834108099,60.326294628848146,6482.609042350798,4339.1328189106425,534.4437761881163,3736.075532015995,133.54349477911
2022-05-25,207.991,21.158,7.0,836.6423375826245,60.546559346117036,6468.015615725411,4427.275204185833,534.585124217112,3969.8539059661853,126.89270732383739
2022-05-26,217.275,21.158,6.85,846.1709409720398,60.19020304975935,6529.309433924867,4440.700366587262,564.9846975317269,4156.726178369136,121.22695268849384
2022-05-27,220.04,20.816,6.95,851.1247275119375,61.00734183084245,6709.862877689087,4586.118303451483,596.4914090664497,4339.378143460082,126.21170192079535
2022-05-30,215.299,21.158,7.17,853.0993331787528,61.61267401825562,6884.937209149932,4571.2313122341,594.5551392669258,4325.292095077515,125.80200631904609
2022-05-31,214.312,21.5,7.15,848.2595788475473,62.0196087014826,6783.703977282464,4649.3788816839515,571.6057345369081,4318.158730050665,138.958408948517
2022-06-01,207.596,21.207,7.0,855.26580137573,61.08812005832959,6694.14331446191,4631.394393689989,538.827776820337,4174.115012168884,136.60739490756987
2022-06-02,213.127,21.158,7.0,852.8011317736749,61.22595762269555,6852.105308520636,4736.104344499763,569.1691399765114,4371.225597509765,138.44320441894524
2022-06-03,212.336,20.669,7.11,849.0124742331501,61.05225603333808,6828.657312052531,4581.301845337934,566.1759414488661,4120.329403596494,132.880094516182
2022-06-06,212.732,20.523,7.31,847.6620631152269,60.92456107871878,6945.500515181079,4601.576071583142,580.6159052113726,4299.668645858765,139.70616216763483
2022-06-07,211.349,20.523,7.49,851.6660258501364,61.62074915386502,6878.17016280442,4650.887925373274,602.8793284557105,4578.879508886719,140.63550425243375
2022-06-08,208.386,20.523,7.54,839.9285182293396,61.67137396884584,6731.43642697074,4603.744405548787,574.9762990261843,4683.8394203048665,161.3844021183013
2022-06-09,200.485,20.571,7.65,841.1327175811281,60.84797153583483,6758.796112504104,4510.333889336471,555.2086280908043,4368.688803683472,153.6324051357269
2022-06-10,199.498,21.158,7.56,830.6076835860432,59.93982300333822,6509.707650891571,4400.946484486107,533.8366042810958,4053.5190885742195,144.00940037307737
2022-06-13,197.522,21.011,7.5,818.2052889499736,58.597509353770796,6222.476005995115,4240.818873708835,497.2974484521401,3748.5098750976613,128.9844079929353
2022-06-14,192.584,21.207,7.273,820.909377793754,60.4603900472932,6088.520450736447,4356.313991546631,498.5690131187439,3795.824836730957,131.0750025510788
2022-06-15,187.646,21.207,7.224,824.3504436142683,58.97843063721226,6257.324043460928,4449.914360743831,515.7608494170199,4045.8527470275876,133.64999771118164
2022-06-16,184.091,21.5,7.362,825.0527632291736,59.996957526072826,6111.984196395058,4230.316893306328,479.8407921637263,3680.196305960999,125.28554427022937
2022-06-17,192.486,21.353,7.224,831.050906271587,60.45334789271106,6114.814206213762,4278.041810256545,489.9865791029879,3763.4218792419415,124.91129733200069
2022-06-20,196.93,21.06,7.263,829.1254405183954,60.57736190083751,5996.130390405619,4282.270982043148,490.47096834181866,3767.142309835821,125.03478171058669
2022-06-21,192.683,21.06,7.273,848.2961997486549,62.82112438057557,6105.9032496364125,4428.836829972861,496.42190766598287,3953.562076849368,148.1161539507866
2022-06-22,184.387,21.5,7.303,843.8351351616117,63.095628813374546,6038.177156800757,4337.28463627398,497.8401140652022,3878.3447227050783,139.28959649600984
2022-06-23,177.77,21.5,7.243,839.60668473631,63.01081231528607,6012.172219772335,4296.140013081604,510.2059255657732,4254.079953308101,149.05600469970705
2022-06-24,182.708,21.646,7.293,841.4057379627249,62.92059856784462,6271.4816631689555,4409.847840811708,556.8270407718082,4399.294819390867,157.996300443363
2022-06-27,185.671,21.5,7.709,858.3922378837678,63.340925903637654,6351.46544516229,4424.582116079575,546.5083606292756,4119.5696304809535,147.6567900213813
2022-06-28,192.584,21.5,8.055,856.3025062411036,63.31246616720419,6376.264071675068,4343.798541674623,523.8055539424386,3943.8854103942867,138.24720049171447
2022-06-29,193.473,21.255,7.817,851.2116595405713,63.25075144752055,6234.025983814123,4310.617116984911,488.569551814493,3781.9210417022696,139.96949582624438
2022-06-30,181.721,21.5,7.956,841.4514730659374,62.57697911555726,6064.665296719075,4224.986641885247,450.5311370876043,3680.642982589721,139.27649649477007
2022-07-01,188.634,21.842,7.857,837.872855196281,62.71228951281567,5996.531927227954,3980.94478483923,454.53295120125404,3803.134044476319,131.06660557594296
2022-07-04,181.523,20.903,7.986,850.2738746735672,63.18106772447788,6018.316478112098,3985.6434582631045,455.0694323667849,3807.6228494781535,131.22130231494884
2022-07-05,183.696,21.77,8.312,851.4604742002227,62.811013140259725,6023.722141856871,3937.0738045452163,471.7867481233625,4151.233683258062,149.3209979667663
2022-07-06,191.893,23.263,8.312,847.1437176196106,62.63838410894133,6161.178613598143,3923.5198858538934,475.7875109264023,4078.0065869247483,139.3812024057388
2022-07-07,183.893,23.118,8.075,861.992954015192,63.08437884704915,6186.5712108436865,4237.416681284405,510.95373287752227,4281.322511672974,147.18795680599214
2022-07-08,182.708,23.166,8.094,861.9408498892441,63.353645963521444,6240.875961815956,4288.111279283534,503.80012806460945,4343.9879548928875,140.09249687194824
2022-07-11,187.054,23.937,8.213,859.4562871221468,63.171027736364614,6141.285874473354,4145.734155038546,482.3977260537649,4058.672126705933,133.4098051263809
2022-07-12,181.721,24.9,8.124,880.9395022365806,64.21951879421023,6116.831746473492,4170.236617210554,485.3101033942148,4071.9442983929475,140.95407321780203
2022-07-13,180.535,23.841,8.183,862.7770025906808,64.44104086984305,6042.112467124825,4287.451440221048,469.28802682214155,3994.9598559906008,140.45000076293945
2022-07-14,184.19,23.6,7.966,857.4457126430023,63.82562492474867,5984.888349034668,4433.9506710714195,473.76626075013337,3825.977495944826,139.98855759519574
2022-07-15,177.178,22.637,8.065,853.0970351110864,64.09590695867253,6190.444379414864,4520.372957966261,500.49673857457674,3888.3045541458123,140.01269939641952
2022-07-18,175.795,22.396,8.144,865.3376219138236,64.7034226419904,6297.104405336542,4416.940993258497,492.6329517036356,3898.1517753601074,153.67443207342149
2022-07-19,183.696,22.829,8.164,868.9673964368944,64.99652857834613,6487.1428532063,4570.469443257374,535.0587831646262,4258.028287300112,159.35819149427425
2022-07-20,179.745,22.251,8.312,894.4964765753456,63.68055759633461,6585.240789543615,4571.093130111694,569.5595741271973,4416.749811172485,162.56250590085983
2022-07-21,178.758,22.829,8.51,889.8352052119669,64.99489355300028,6721.076026332081,4644.288526277756,581.7928188138903,4699.026338363648,165.10549929094304
2022-07-22,180.437,21.673,8.322,910.3709933480694,64.60023289503111,6764.072775664421,4571.951505150413,595.965358457368,4362.162408625183,154.01841057619094
2022-07-25,178.264,21.529,8.094,904.8707726451053,64.20993537788503,6642.395821861999,4541.969575069903,583.8219279255827,4212.3484689727775,154.1650037765503
2022-07-26,181.918,21.946,8.213,908.4032984134171,63.13971541285641,6623.4733423044145,4425.350774277758,569.8250659144651,4010.2134522744745,161.36894106108684
2022-07-27,182.708,22.626,8.213,907.6943806484829,62.356907677234005,6647.884705526662,4569.35072684905,580.6394294040874,4272.290524215088,162.7380631713295
2022-07-28,187.35,23.063,8.362,917.1930277680251,62.356281971513674,7134.052186590881,4619.454307326116,607.0516783781932,4263.593238488771,164.92409796323773
2022-07-29,191.794,22.82,8.282,914.8212169565342,63.2059653507758,7159.690290314204,4643.16157754077,635.5508486951221,4266.058974030457,164.89615077481267
2022-08-01,181.622,21.849,8.411,907.6480695265165,63.13887445867331,7001.378237337544,4464.706987717946,628.1346017457545,4255.923764434818,158.68800191116316
2022-08-02,185.671,22.675,8.411,916.1880310477355,62.8213103836292,6997.271439119231,4478.72514479587,649.6738430074256,4406.925372404483,171.86399045562757
2022-08-03,182.708,23.792,8.51,933.3451476871825,63.4044762935901,7062.988329169825,4523.5386204840615,664.8852047643086,4679.1049710476655,183.8000927115918
2022-08-04,185.572,24.714,8.619,937.6434775189184,63.53924587404959,7112.039400827798,4623.494653049129,730.3333140786781,4843.4981908892805,201.62676036476114
2022-08-05,182.313,24.277,8.767,951.9407084339781,63.6634384505724,7031.0272187478995,4684.732068393583,710.0608426409308,4867.753730709228,211.78647367933263
2022-08-08,181.721,24.665,8.807,944.4764678205732,62.66618599714032,6985.140754224136,4585.433921309304,717.2149801880732,4750.977222174988,207.72334189930916
2022-08-09,178.758,24.277,8.55,945.9177456708769,62.76181504552636,6922.707535174837,4437.40457809018,671.5640564791684,4633.409134252928,197.4732011716842
2022-08-10,175.795,24.277,8.302,962.9089293492138,63.30392136097832,7124.693032112066,4634.2355591679225,718.3264908940037,4858.877372229006,204.86559697809207
2022-08-11,181.721,24.277,8.51,972.4426546667992,62.8532681032279,7151.334499462818,4660.171258959017,708.3108099165838,4911.761169113161,208.49200233983993
2022-08-12,183.103,23.306,8.609,968.5646249148358,63.784648231002535,7222.483031412068,4730.780826903589,746.538503911579,4919.856468008424,213.52099118614206
2022-08-15,182.313,24.18,8.609,966.1009804524863,64.31090870361957,7242.879881425599,4786.660587758583,739.521403589366,5009.529695425415,209.91360008850097
2022-08-16,185.671,25.054,8.629,952.7650624067657,64.064680558921,7258.998573985318,4733.2242729595455,747.2258104656867,4339.9514580307,205.14300201845163
2022-08-17,183.696,25.248,8.51,947.6114473857616,64.47506389191236,7189.852221516785,4678.685303772509,729.2510339746877,4050.0161032211327,199.4558924571038
2022-08-18,183.696,24.763,8.56,953.4758734945556,64.49409774212565,7285.753054389061,4693.2513427734375,728.1601638793945,3920.0,196.55999946594238
2022-08-19,184.683,25.102,8.589,939.0495095468165,64.3112849754063,7099.575918049589,4584.997550075845,687.5449240037597,3789.9935853829957,192.66408309976578
2022-08-22,182.511,25.102,8.461,956.4746925089505,62.42207514679396,6750.310466468825,4481.939747641765,671.9316673622961,3601.2502689575194,190.42380523748398
2022-08-23,181.918,24.714,8.292,958.3982530590779,62.84595326429613,6693.695779306272,4547.1437135571905,675.4468616506347,3568.2940117797843,195.360998963356
2022-08-24,182.708,23.792,8.451,959.2147336428058,60.58340740224029,6757.795943184381,4505.192099652981,681.8260157619661,3625.4637621539296,201.91320113306028
2022-08-25,185.671,24.326,8.54,964.1051744732233,62.837024209122795,6657.662195900929,4616.6189308247995,699.4256076214369,3789.9007476547267,177.44980096240033
2022-08-26,184.19,24.277,7.956,961.6984010945013,62.667421491855194,6516.864374101096,4463.844386325218,660.8770650273073,3580.9402218292234,171.13549918603894
2022-08-29,184.19,24.277,7.956,947.7075384262656,62.30592965298087,6367.415300051552,4364.284152621985,663.6703753280017,3441.7874460006715,167.76890236005784
2022-08-30,181.721,24.277,7.649,962.2895807392624,61.99382491588661,6458.660521793755,4377.44653878035,658.8646009220611,3510.9887895690918,172.33919584350588
2022-08-31,178.955,24.083,7.422,952.1454040008526,61.86715872660664,6262.096111685976,4405.4908330915205,646.2987302936162,3490.599952697754,160.45499245643623
2022-09-01,180.634,23.306,7.441,948.8546560436672,61.11471106136438,6218.023721764124,4309.973936977098,643.2902319831774,3448.2076476339716,161.38870846942882
2022-09-02,180.733,24.131,7.56,953.6608243835475,61.33213668782398,6388.872373441501,4317.38807786582,634.444308143633,3406.720940504456,168.26120578174596
2022-09-05,180.733,23.792,7.204,957.8230298709212,61.84102337619157,6224.530960339223,4313.742443727271,633.9085787194854,3403.8442803717044,168.11912478626255
2022-09-06,179.745,23.937,7.224,958.4280778338963,61.43035345733256,6278.888632840097,4279.597958557075,634.026668275983,3327.6030422180193,165.18400277709952
2022-09-07,179.35,23.306,6.956,950.1812308395603,61.712048306339824,6362.524148933214,4287.329798979481,665.948689634497,3360.3696417526226,174.78719346313483
2022-09-08,179.844,23.112,6.927,972.358993911381,62.113479649884745,6485.090167300811,4302.881872663274,695.5211405585578,3390.6431714599603,176.5007917968751
2022-09-09,182.017,22.82,6.966,985.5481643467609,61.5974546682623,6741.582825868225,4377.034295444464,761.218286264957,3629.5321069686906,180.1327597794534
2022-09-12,187.646,23.549,7.046,986.7179639430965,61.76962581337783,6926.293798471547,4381.398106935638,759.6201977487435,3773.8884085647587,192.01781114311234
2022-09-13,184.881,24.277,7.016,994.070779806046,61.32867794649591,6812.935800301722,4208.8106687746185,720.4113947350961,3586.599100772859,175.77463993105903
2022-09-14,183.399,23.694,6.808,981.557266908995,61.76006920030346,6700.863939653313,4271.032169135171,742.5933464926056,3591.076899378968,174.18549913835523
2022-09-15,182.708,23.257,6.828,980.4864344437914,61.563352145119154,6618.3286752839895,4190.614139484474,737.8559616765706,3459.028314782714,167.9139973125457
2022-09-16,179.745,23.112,6.828,990.4686328027205,61.89353312927368,6473.390468641488,4219.604505274241,704.3999588481711,3385.9937667190534,170.99240427742006
2022-09-19,179.745,23.452,6.63,987.8248720056436,61.04173876007028,6360.683905063678,4234.848433118459,714.1477730441547,3425.8858575820923,180.03819166857738
2022-09-20,181.523,24.228,6.6,993.8282249530758,60.93834183770112,6231.7111766938115,4228.820937617449,696.1714116814801,3292.1160339620983,169.07630030221935
2022-09-21,178.758,23.792,6.383,994.1964759954403,61.19728128767213,6349.671045973106,4200.095072561991,674.6576799475733,3289.496748355101,163.78278984994904
2022-09-22,178.758,23.792,6.214,996.0148967632009,59.71361145009948,6152.406620274936,4150.725644657796,638.3686132426737,3195.987432115173,156.95100565576558
2022-09-23,179.647,23.015,6.244,998.7145249900317,58.14170603267467,6149.828875943333,4078.4037621488387,579.3103534041838,3146.7012947924813,160.81450176239014
2022-09-26,179.647,23.015,6.244,988.4191095248555,59.200417395325594,6070.510859849436,4048.9823930719576,572.5485283994785,3170.1979622909566,165.05940135536184
2022-09-27,178.758,21.801,5.888,986.7094002676696,59.07767803543641,6019.327826720333,4081.4629831468337,570.500491991952,3232.046893013001,161.0104008635044
2022-09-28,179.252,20.441,5.452,969.7683005805816,59.20718481056024,6137.632302642326,4024.69447540323,608.420341900237,3294.824914932251,166.07099233055123
2022-09-29,172.141,21.946,5.64,975.8353262891144,58.90819967953629,6077.772980741273,3840.161233603838,566.4107653506289,3148.617313609313,150.2975942968369
2022-09-30,154.66,21.849,5.541,991.1942751991722,58.36610989186169,6291.809067353749,3793.132495530357,567.0999629173675,3284.5298697662365,154.1180026931761
2022-10-03,160.783,22.238,5.462,983.6676998138244,57.37527546646292,6267.059158618627,3841.114282608032,658.0455958843231,3248.2875537872314,158.6250028014183
2022-10-04,162.956,22.335,5.739,998.5373944081838,57.84127922491527,6720.684620071878,4057.4820535533945,702.8503537438155,3581.0467344970675,172.35300895881664
2022-10-05,168.98,23.112,5.838,999.147955666254,57.48259996345704,6744.3155176179125,4125.582939556683,700.3755090808118,3549.5348892211914,167.79618860845585
2022-10-06,173.82,22.432,5.828,1006.7598348614762,56.976236518052296,6673.69189471412,4127.50720047325,694.3167607817777,3640.895845092775,176.98799714279176
2022-10-07,175.4,23.063,5.72,1002.0959906888909,56.91563021410582,6405.761843900566,3885.9703752319037,643.3323731635282,3543.550354187013,165.8180919069291
2022-10-10,175.301,22.966,5.581,990.5442976792624,55.437366396597994,6380.084796688361,3759.1837295579317,660.706064017475,3495.1680992431648,158.22720639495856
2022-10-11,175.795,22.335,5.64,994.0303855360376,55.75622024471606,6363.784018004235,3543.3656513667956,652.5145311359738,3400.533687004092,152.01549997282018
2022-10-12,172.832,22.82,5.927,996.2719565298266,54.984562025322035,6376.328470456664,3575.865460821282,641.720916726892,3388.714065294189,146.5134389319992
2022-10-13,175.795,23.112,5.927,969.9250910773231,54.89210759524205,6571.215500993074,3699.63783274914,637.1616714416814,3202.749028259277,145.2854009290695
2022-10-14,167.696,22.82,5.838,990.8153341431222,55.620117080175,6560.926305328611,3566.595540087146,601.3593480296549,3018.236904037476,141.24900255298598
2022-10-17,169.869,23.306,5.848,972.7874145486783,57.36637327464401,6697.381296161404,3613.9801113749854,637.8284367751803,3122.3408068435674,145.1154063793183
2022-10-18,174.412,24.277,5.987,977.7221561227595,58.495840732706625,6899.495195959739,3546.276953299879,673.8650984030392,3165.401288358611,147.3925018310547
2022-10-19,171.252,24.423,6.086,988.3476586641377,59.48200396589953,6810.776790935523,3541.2695867559523,668.7490816953359,2823.4462043701205,140.22960238494852
2022-10-20,172.832,22.675,6.036,984.353935475019,59.53161176056415,6792.416565900445,3554.5273012584657,729.28471258215,2806.1988210891723,140.93170713977815
2022-10-21,169.869,23.209,5.937,972.7500052255455,58.396010963856064,6761.404565994742,3552.294645624381,776.2430038385937,2725.543639151001,139.28719488887782
2022-10-24,172.338,24.083,6.026,975.7766945052267,58.57770880956254,6917.823172999929,3406.2490198737796,807.6106605069035,2767.2436301017733,135.9781505089759
2022-10-25,163.845,23.209,6.086,985.5529309970443,58.16957571343035,7149.616024130063,3403.684364543733,829.5301845797621,2948.8395586601255,141.51600598955156
2022-10-26,169.573,22.869,6.086,980.0430022018572,58.074829016333794,7240.683237354043,3371.1872470908856,853.1249431495526,2971.4746931579575,147.89879541988375
2022-10-27,175.301,22.918,6.096,986.1788817832175,57.4647948473619,7022.227357140101,3347.9349421064544,856.7173940583161,2885.1462240112305,143.70460241832734
2022-10-28,170.857,23.112,6.185,1012.8377304024482,57.649207959275365,7067.8838245201705,3412.8923470813897,868.2775614571292,2887.9342626602156,148.0692931253434
2022-10-31,170.857,23.112,6.185,1018.0515768576449,57.557718197804924,6913.204451374999,3368.3983783128206,825.8499515481781,2879.7012252700806,150.70899486875533
2022-11-01,170.857,23.112,6.185,1028.8594885794464,57.20634271410596,6951.9376810322565,3376.1447783617477,857.9884875888602,2851.8177204559324,153.30480528612134
2022-11-02,160.487,23.403,6.234,1036.4633831182919,57.36371533653025,6949.888657490758,3326.029380480846,816.0108403037448,2751.5866833694454,157.74909973945614
2022-11-03,169.869,23.5,6.036,1025.060548834526,57.6283954103033,6856.5324395838015,3335.8890762375668,812.350966197977,2686.9116858848574,163.5358524469375
2022-11-04,175.597,23.452,6.056,1036.1050498650857,57.793058023224035,7066.493191369706,3477.1028957400704,832.1830902740985,2594.169337631989,166.81434463920596
2022-11-07,187.646,23.5,5.987,1032.2230638587644,57.31772672655493,7171.715112568987,3450.3191709121893,846.4383406283014,2822.4081488937372,171.1962019861221
2022-11-08,184.486,22.675,5.957,1037.7116451423117,57.35597059342028,7325.527432674376,3559.525956218422,846.3408683169837,2728.774208353425,161.77814949092863
2022-11-09,177.77,22.335,6.135,1045.7056444099255,57.992086398705595,7368.5327550936145,3568.8637313926592,847.6642242792004,2379.702443563845,150.62144184689532
2022-11-10,174.511,22.82,6.214,1038.5946875678471,57.4878661783423,7646.766292944608,3887.171346409188,884.1880968868973,2672.938848429869,155.18040158233634
2022-11-11,175.992,22.82,6.254,1053.3348404969017,57.9324205446633,7727.611640419941,3985.0213057011133,874.289072511514,2825.9130269378657,168.07979788799275
2022-11-14,178.758,23.015,6.274,1061.2583797918044,58.25099479482497,7776.4723590879075,3925.3029909407487,848.9217370542465,2615.637984382629,169.04560398521426
2022-11-15,181.523,23.306,6.383,1070.652700183727,57.90493439243802,7749.1316953053665,4331.8653111867025,834.5997944279588,3553.227923389437,178.4882613019945
2022-11-16,185.177,24.277,6.927,1073.5884029252995,58.57491042555766,7673.646041891523,4294.364990234375,791.1532697677612,3364.009903907776,180.33750545978546
2022-11-17,181.918,24.277,6.976,1093.4066438489551,58.75154594557725,7715.28821942348,4416.628659760667,799.6934909929732,3440.7609996148676,184.86985584486956
2022-11-18,185.671,24.617,6.927,1087.9673375439818,57.58721639300341,7911.697639732881,4462.557120337762,791.6704786307091,3271.3736907078564,184.42412935077664
2022-11-21,187.646,24.374,7.075,1074.6331821509852,58.971201350533114,7771.32186284698,4316.308887478954,798.9627193281194,3093.7856627955625,169.87508746710773
2022-11-22,183.696,24.665,7.075,1084.0339448558502,57.969526823836524,7743.268730734107,4476.189552405878,789.7757687765188,3075.911882637025,167.15040093383777
2022-11-23,183.696,24.326,7.105,1077.0438071842214,58.93634331704614,7838.974297487684,4433.2826068283175,790.4962966319108,3186.7646026985167,168.99075228142738
2022-11-24,182.214,24.277,7.036,1057.8310588942988,58.48039920855721,7887.078441485584,4393.813868163968,783.4586465396642,3158.3933955268876,167.4862572085858
2022-11-25,183.498,25.248,6.976,1048.4326737243334,59.350779880267126,7836.852993191874,4352.885849089478,774.8286729859101,3076.684749560547,167.65440035400388
2022-11-28,196.436,25.2,7.026,1037.8392087485618,59.91038372995306,7745.118256821991,4240.048329064593,739.389823578389,3030.0804698486318,158.73199345159537
2022-11-29,202.46,24.471,7.036,1051.4433280228486,58.53381538660357,7599.449215259652,4241.068293571472,744.7481167316437,3072.4724049568176,160.24874567985535
2022-11-30,202.46,24.471,7.036,1058.857539728226,57.57418734589235,7567.151880347786,4425.07680627401,779.4618791756511,3296.9127494230634,170.57866408380505
2022-12-01,194.362,23.112,7.372,1061.9165183908651,57.81040899664474,7746.54975282617,4400.257461483474,797.5605776247867,3447.0255206985457,173.05589295778282
2022-12-02,191.103,22.918,7.283,1045.8012406851904,58.704311044407405,7741.375376001894,4311.681020744902,824.0869578761449,3439.4283504859923,177.07060432734488
2022-12-05,182.017,23.549,7.55,1043.1332349627387,58.50362097160525,7656.288068954573,4294.140611748502,796.7633275489716,3288.889435451507,172.7474899554254
2022-12-06,186.066,23.403,7.53,1028.3254245038565,58.521275434488835,7587.69011365059,4204.914482979773,776.9825935914705,3345.3646786834724,168.49979808826447
2022-12-07,187.646,24.18,7.372,1008.9083601206038,58.92069128789024,7511.708984739369,4178.2767325401655,760.153400395393,3244.884826126101,164.19899870967856
2022-12-08,187.646,24.18,7.372,997.3139213621279,57.86263113903975,7391.488798566839,4219.493867387937,784.7957625029521,3378.4570780554204,169.25471767547606
2022-12-09,200.485,23.112,7.174,1000.2068292926632,58.92696516824757,7548.638532078747,4213.2159533100785,751.6335176887733,3354.2483528976445,167.0210998667717
2022-12-12,198.51,22.918,7.075,1006.0911580178843,58.529038545737784,7451.5132657187805,4197.3615071273525,750.1242416031164,3441.974370319367,174.11626007795348
2022-12-13,204.436,23.209,7.135,1026.0488553466862,58.23755867359295,7727.208050359744,4229.281796867959,780.5794040120818,3534.252786700439,179.16079962654112
2022-12-14,204.436,24.228,7.382,1027.6733232175766,58.99517150621266,7675.3211272865865,4187.674949203152,768.2442965842347,3601.8416059051524,183.47329783840178
2022-12-15,201.473,23.889,7.422,1025.9090413617666,58.45251825239126,7357.624818642824,4094.522567146312,733.574975208252,3392.243123767854,177.80799825501435
2022-12-16,202.46,23.597,7.323,1018.9604980239361,58.262495582766,7269.577710997302,4050.403334358969,732.0018713523859,3001.8078150268557,178.35290271244048
2022-12-19,193.572,23.257,7.105,1019.4791988136554,57.83074133714276,7232.033497582303,4005.1042464462807,700.3119178704583,2938.8986415542604,166.84430038995743
2022-12-20,201.473,23.986,7.224,1023.1666677458728,57.870250139261024,7175.651019115812,3975.1751869649743,708.8686071150296,2824.7224109794624,165.54135554661752
2022-12-21,193.473,23.694,7.402,1018.1146465208376,57.90441805069631,7295.429762240254,4019.5551941983576,718.5166086803474,2877.9071806457505,171.22559705200183
2022-12-22,195.547,24.277,7.471,1018.2537149360262,58.130341187318365,7102.813426936326,3915.2019289322197,697.5068465952063,2751.398503978271,167.61455985397333
2022-12-23,201.473,24.277,7.481,1021.304662191405,60.31105241981666,7190.018038336977,3935.0218280191475,706.8943300855499,2762.572706286621,180.96179944343567
2022-12-27,197.522,24.277,7.501,1029.3550556258824,60.64827000537675,7263.493346873692,3892.7234747910406,691.4671837741334,2772.041296005249,182.044500390768
2022-12-28,195.547,24.617,7.56,1036.0643969322755,60.57077393339261,7297.9243392636245,3865.226494590752,685.6546653278929,2725.8223576904275,175.51800915908825
2022-12-29,197.522,25.054,7.54,1034.4291283610721,61.93958890344215,7441.500380308948,4051.291191350436,756.869048113007,2964.911989293978,180.21903713771826
2022-12-30,197.522,25.054,7.54,1029.407659830944,61.657074085438126,7243.960231430061,3935.9299144386314,757.4313168783192,2895.4695114593487,179.1930065054894
2023-01-02,197.522,25.054,7.54,1034.5518043307516,61.96518612977915,7392.3524945842255,3937.3442070437595,757.7034836936946,2896.509936773684,179.25739569673533
2023-01-03,195.547,24.957,7.906,1031.8231361482617,60.56518853635399,7445.342207845288,3918.6530895233154,738.7948980331421,2953.6349744796753,192.89500212669373
2023-01-04,195.053,25.054,8.282,1035.399555707904,60.19786969648319,7696.731669814638,4049.653328994056,751.7204231318319,3111.1177542312653,195.5974941253662
2023-01-05,196.238,24.471,8.035,1064.5522381747996,60.540336873033695,7751.634751206227,4029.4924922825885,755.4804868525025,3129.2736596740724,195.01920425491335
2023-01-06,193.572,24.18,7.412,1049.461733182911,61.52799162108947,7797.86291715504,4144.512739527854,786.6236845298044,3113.7391335360735,194.01463725791928
2023-01-09,195.547,23.84,7.521,1074.9024942160504,60.96947369377899,8002.097045014714,4232.926453509019,819.714019052386,2944.3565858569345,206.50464544807437
2023-01-10,200.485,23.306,7.224,1041.0926321109969,59.90689962522744,7912.304407394085,4220.868017703207,791.3731854190955,2965.2869912796014,203.48400440311434
2023-01-11,197.522,23.306,6.937,1043.0947267018887,59.55980739195208,8058.141339350456,4249.685587014072,798.3509862119681,3109.2113491546625,197.5752926060677
2023-01-12,200.485,23.306,6.877,1045.577283943262,59.29225436384868,8136.74160017857,4544.897938661714,821.2204265445798,3212.067685491944,198.6221958806991
2023-01-13,205.423,23.889,7.026,1061.3876772062602,59.63568789553437,8281.639080379697,4534.449461249344,820.6722078510538,3307.8023687530513,196.97159744110104
2023-01-16,207.398,24.131,6.966,1061.207053959052,59.212887789049304,8167.570734528928,4518.378646022466,817.7636140896902,3296.0789873085014,196.27349854850763
2023-01-17,208.584,24.277,6.679,1056.2959605274575,58.938860186988386,8179.735972374739,4611.254881472705,813.4909092185408,3394.0192224998464,216.66275459027293
2023-01-18,218.855,24.083,6.828,1062.6732521166732,59.34998228864592,8173.046234519243,4642.499534148665,788.4715882628007,3391.032552986144,202.75150774574286
2023-01-19,215.299,23.597,7.036,1047.330997714555,59.34009417018337,7881.044258527126,4586.97853154561,759.0672235711827,3351.1380768890376,196.19350078725802
2023-01-20,213.324,24.083,6.887,1048.4246311297168,59.6938803142149,7942.362901574178,4729.149781903048,791.6046489119653,3603.595767267456,201.3548821927261
2023-01-23,213.324,24.083,7.144,1045.2582882492234,59.51359907383783,8044.76501668631,4945.5258391013485,842.5519887724804,3633.4487336959864,203.64300337266923
2023-01-24,209.374,24.471,7.273,1042.3754039703977,59.34945704207868,8054.758991897448,4873.843479227828,824.8538777578542,3474.239990234375,195.42599427366258
2023-01-25,213.917,23.792,7.422,1077.5379664443176,59.040498720879256,8110.726818144129,4795.929989205761,781.5358376811018,3512.4517069610592,201.14880308742522
2023-01-26,208.386,23.792,7.323,1087.8079087183949,59.613554991466586,8172.662822292025,4840.587110551016,763.7271334454999,3655.1850204467773,198.0346573511124
2023-01-27,210.361,23.694,7.313,1092.4829312106103,59.74683182075135,8178.893578927201,4814.6580076810205,778.7279221774734,3725.6925612640334,201.63849641227716
2023-01-30,209.176,23.16,7.362,1083.6624533532647,60.072633258932626,8128.987015786543,4809.42216824356,756.5398817042296,3514.1378937622067,201.78689981040952
2023-01-31,204.831,25.054,6.927,1090.0387270995918,59.258188066282955,8212.386782769776,4809.895843248698,774.0306376350709,3520.9034021224943,207.04770196418758
2023-02-01,215.892,24.665,7.422,1090.996821310224,59.60464138885397,8280.760103021797,4914.605089838005,800.2313345303737,3767.0829675369314,203.24219531922336
2023-02-02,215.299,24.228,7.224,1065.2710794543218,59.736695766731195,8480.527395704272,4964.130932027474,810.6479845920694,3922.4286540725734,196.36486062183394
2023-02-03,215.299,24.083,7.402,1066.7689008126786,59.11295681675081,8477.605530397104,4830.912885665894,781.3777792453766,3787.762565612793,190.81249743700027
2023-02-06,207.398,24.277,7.422,1061.7183341416255,58.274953830817395,8209.810455884335,4670.355246473104,757.8735507306228,3549.2169234329194,185.33489729175562
2023-02-07,204.041,24.471,7.243,1088.5723033927775,59.174741929109715,8266.224429943655,4918.662477972102,832.5273067065064,3755.306712911988,191.7650032043457
2023-02-08,209.374,24.763,7.323,1103.341154886675,59.646118327916916,8199.101603532261,4928.7863053359615,862.9631913846242,3763.3510098495462,198.76659918155656
2023-02-09,208.781,24.471,7.224,1086.9575185744923,59.20211277144461,8315.960811235747,5027.234560264042,853.8962290530799,3686.44307029419,188.37439735946646
2023-02-10,211.349,24.665,6.937,1088.000432631418,58.75339477374052,8222.777074598645,4946.380185127258,787.0224131345749,3496.0,181.90124583244324
2023-02-13,212.336,24.763,7.026,1058.293501716983,57.97591301875623,8322.4988003838,4961.945672035217,824.5960432291031,3535.462317466736,183.24374377727509
2023-02-14,212.139,24.763,6.877,1057.2576988901715,58.67283930248796,8298.939805456288,5083.966319731029,851.2476986200709,3510.8119736892695,190.2168005115509
2023-02-15,207.398,24.908,6.956,1051.1806453807942,58.28952351322969,8517.649661393143,4837.609705231327,879.4863319976284,3614.7456133908127,202.13135681618678
2023-02-16,206.411,24.763,6.927,1057.4588010210916,58.795802599198296,8629.04049495382,4776.101150996983,891.2666511189309,3701.5133807592792,203.27029803367623
2023-02-17,208.584,24.763,6.927,1059.3293712824955,58.529796764667616,8593.290449718701,4722.240208090079,883.3075088515834,3588.5521675186174,192.09600370788576
2023-02-20,206.806,24.763,6.897,1060.5942903917824,59.42045630018118,8660.029436795958,4741.488339006173,886.9079226002141,3603.1793188018783,192.87899840211867
2023-02-21,203.448,24.374,6.788,1050.26789124308,58.94319067266079,8389.049899637837,4571.258767800784,835.2779949331016,3455.960928011322,186.77900990819944
2023-02-22,205.226,24.471,6.6,1044.556538163101,59.2848952600217,8430.60082565399,4544.9205560325645,852.4939374984533,3489.6022536254895,192.94799423217773
2023-02-23,207.201,24.277,6.719,1034.8796276101605,57.987197720560324,8435.080350776518,4714.776835441589,904.0775263309479,3438.6975588798523,176.95125210285187
2023-02-24,207.201,24.277,6.719,1031.6166502621293,57.70355079314944,8107.063211550058,4598.115148391516,865.8239959466373,3298.3296128321817,170.38529863710392
2023-02-27,197.522,24.277,6.531,1021.9932488165653,56.305379549309905,8216.161978877548,4543.991681094572,860.8402887869161,3288.1035566009523,173.77940321502683
2023-02-28,197.325,25.491,6.274,1028.749921800355,56.63598993156655,8342.431083543775,4574.182228325051,895.8623058387893,3457.5719072921784,177.6093079883576
2023-03-01,196.337,25.151,6.244,1024.3669740795724,56.02893483543794,8411.948280243023,4654.757724356779,891.0951425428939,3441.471114137268,171.87949376630786
2023-03-02,197.424,25.491,6.422,1004.73854238153,57.30204291821771,8367.532189026319,4636.574085186934,865.1370341907023,3486.265978340147,175.51999773263924
2023-03-03,197.522,25.248,6.571,1001.3989185363222,57.196821117894935,8429.405088702264,4686.384683689568,896.0584736300516,3609.879879510496,180.3016024312019
2023-03-06,204.436,25.248,6.63,1022.5348828610071,57.201409374895626,8570.933311242366,4721.353797287709,895.4583868299451,3647.5619388870255,174.30140055284483
2023-03-07,205.423,25.248,6.63,1014.7759121151005,57.37852841422321,8496.51435607893,4644.494884105225,868.9190506844316,4407.703190020751,171.2210451735973
2023-03-08,208.386,25.248,6.452,1007.4775160855883,58.470600488433675,8447.347414925034,4764.812572479248,866.4915771484375,4409.502365112305,174.59000474214554
2023-03-09,209.769,25.248,6.234,1004.3731146545799,58.67334393439678,8602.039240673968,4674.332855826127,848.8188735412405,4296.602235751343,165.61609870328903
2023-03-10,210.361,24.714,6.125,991.6480722053615,56.54358958001901,8312.955144309903,4572.868935273611,783.2066545017442,4054.4398875808693,157.31999691009514
2023-03-13,204.831,24.86,6.016,979.4044555703817,57.63110564974131,8172.349205891409,4588.552610425511,759.0029358078173,4119.433387371828,157.52879945869427
2023-03-14,197.424,24.277,5.878,970.3224765440598,56.459633318092905,8431.839057205802,4677.244189400459,766.8395401790767,4228.228625994874,160.54469940690979
2023-03-15,196.668,23.983,5.987,985.2110870628924,56.8555824159265,7943.311028858174,4515.97119459213,728.0805190025058,4127.042841399845,156.34814807329167
2023-03-16,196.966,23.837,5.937,971.0567718426695,55.79976611015911,8096.220647305147,4688.482616039109,745.4318113618065,4305.632383961492,156.22839051160827
2023-03-17,196.966,23.641,5.838,967.2511308321067,55.58108283185225,7906.228274470066,4661.54253591795,713.6319543758509,4279.85609526062,156.12739470968245
2023-03-20,196.867,23.641,5.888,962.0253418233556,55.20508825482304,8024.922939798445,4694.24883556366,719.5321654081345,4201.208950042725,152.40374791622162
2023-03-21,200.945,23.983,6.135,977.3301332063587,56.503616771728126,8084.784797861296,4784.980690218945,743.6362752687273,4328.4120940094,155.5539959869384
2023-03-22,198.956,23.69,6.244,995.4395291962396,55.89818687461794,8150.408366560054,4792.51468450902,726.5560547773566,4210.337110391236,150.71769887309074
2023-03-23,199.95,23.983,6.195,1003.0000648153807,56.017608741913136,8271.216378139825,4906.6373523277,716.4513293824348,4547.464272811892,149.462495803833
2023-03-24,212.087,23.934,6.353,999.6132394198696,55.70722234228956,7816.582287766204,4806.624644944095,707.8917758877724,4471.17447663116,145.45700771260272
2023-03-27,208.903,23.837,6.402,999.2559660134392,55.53751618579408,7922.4323943696145,4696.546889614547,713.3389812372043,4518.10059388855,150.35005862659455
2023-03-28,213.081,23.788,6.432,1001.0309199906426,56.33158053182222,7974.000542249655,4686.723123299249,711.7487068460468,4420.6313123703,154.1137470173835
2023-03-29,212.882,23.983,6.353,1006.3536058529498,56.68168137891931,8189.689307342034,4805.4245156264515,741.4752447977517,4644.111050039064,163.92257693712236
2023-03-30,216.862,23.885,6.303,1001.9245095191318,57.92310170173894,8414.160656309998,4788.723868285131,746.0813934705657,4700.0012036407425,154.64099004173295
2023-03-31,212.286,25.305,6.056,988.6285261261555,57.685036422935994,8499.507608503616,4820.580546129786,774.1957706936955,4699.492094758607,163.43698049261093
2023-04-03,212.485,24.424,6.056,982.7222570361462,57.72626101913961,8278.67745824816,4808.416622585617,755.3556934069493,4765.64000159729,167.68193175893794
2023-04-04,208.903,23.983,6.086,1002.8931045247074,57.65302273102288,8248.624738192286,4795.180989508488,711.499850241984,4777.256219628907,171.70649991130813
2023-04-05,208.903,23.983,6.175,999.001260840831,57.74779075148206,7932.790568850047,4669.446230922651,698.2476366586707,4648.367978317256,169.22879902954082
2023-04-06,208.903,23.983,6.175,1003.2710609389783,58.209465100184076,7915.289605745182,4692.704443626513,672.0985307726442,4581.182984898682,165.09257862607956
2023-04-10,208.903,23.983,6.175,1001.1067053482972,59.218823536256835,7936.969027110322,4637.587738417089,682.5530365202139,4559.4014227795415,167.02703575607302
2023-04-11,208.903,23.885,5.957,1004.4802001931823,59.27198381975815,8132.992415978541,4658.502383675426,683.9410518584409,4486.630758200074,162.9911001338005
2023-04-12,209.898,23.543,5.927,1005.2266949353477,59.25274874330765,8283.022797903914,4560.071601867676,671.3146495819092,4471.50016784668,164.45000052452087
2023-04-13,209.898,23.885,5.868,1018.1877898168216,59.647624121586084,8393.607258107093,4582.814089495514,683.1603982719316,4631.785254521179,166.58319848709107
2023-04-14,211.49,23.641,5.997,1025.5852485458943,59.645948321907646,8575.732897813372,4595.1213220059,683.8168243095497,4611.389679155574,162.32622683790214
2023-04-17,209.102,24.375,6.145,1028.4793239996127,59.30443126785915,8596.94045399794,4647.333577454381,693.096844330863,4584.836123712157,164.35683366791727
2023-04-18,208.903,24.081,6.046,1036.4162136620464,60.63358467618667,8696.957672209443,4713.383862994378,690.0275257076137,4623.035318972776,167.52969688444136
2023-04-19,208.903,24.179,6.086,1048.107383576273,60.94536376370197,8799.487178551222,4682.204976164852,699.8985439900789,4582.997616636654,171.53200243759147
2023-04-20,212.485,24.277,5.997,1038.1207355193349,58.80650404437126,8794.081879670948,4797.464966638014,688.2428813140432,4433.794176045223,169.44794395165445
2023-04-21,212.485,24.277,5.997,1032.5327714174934,58.56166864270703,8746.286334627723,4557.107485268789,678.7650256285779,4427.978021749877,163.87490462789538
2023-04-24,215.867,23.983,6.036,1037.7784728046784,58.42942956698693,8792.974201328681,4514.5035102688125,708.8444135295758,4398.708166723634,163.18419936256396
2023-04-25,216.862,24.473,6.036,1035.3406478558868,58.56379925621551,8960.39844299173,4369.13322384248,677.895620267951,4168.912415859988,154.09510189762113
2023-04-26,217.657,24.522,5.967,1020.7985552093301,58.1120442768712,8635.343077496054,4351.309154815972,750.5708352118309,4072.4421900848392,152.98680031366348
2023-04-27,217.856,24.767,5.937,1027.5739694748154,59.0735402012148,9048.50077819881,4436.414671281818,802.0822044849774,4151.625359300233,154.99844873218535
2023-04-28,215.867,25.305,5.947,1030.3670462099312,58.44228931223217,9046.262601655057,4475.451221466064,826.9251322746277,4236.956148147583,161.86875477433205
2023-05-01,215.867,25.305,5.947,1027.7653942064887,58.294723937704504,9003.771226906661,4446.038332781522,819.093831740407,4207.399507949827,163.08180676288612
2023-05-02,215.867,25.158,5.908,1031.2616464406965,59.28439133316169,8876.664933886646,4396.630367531907,825.4831216899329,4134.059421453858,163.25232281845092
2023-05-03,214.872,25.207,5.937,1008.1995196133252,58.949424889611514,8997.935174041968,4374.327110112645,824.4297121601267,4135.44041558227,159.05538840255758
2023-05-04,212.882,25.892,5.957,1007.0514972114078,59.028916958054836,8925.729998149454,4408.542159793433,788.8390242639725,4204.700057983398,164.86850332880022
2023-05-05,211.888,25.843,6.105,1002.3220474715675,59.17528770593604,9039.195009715399,4487.908421340486,825.9966948777546,4339.20961462555,167.1267994052887
2023-05-08,208.903,25.452,6.007,1003.8331552728981,60.197854142551876,9037.467533632507,4514.340568856453,830.8345895729581,4663.027296835324,184.68528913826958
2023-05-09,205.322,25.452,6.007,1012.3657093201754,60.38396639694896,9027.294639504367,4500.373720954289,842.8804157399863,4656.540115356445,176.83765755281456
2023-05-10,204.526,25.648,6.007,1014.4521045744593,60.661494172341165,9064.36917442626,4518.64889425342,849.5648025129049,4770.138098844909,177.89035124387738
2023-05-11,206.914,26.088,5.937,997.4815833759178,60.644010037132155,9148.43416275356,4429.261999130249,849.6488839387894,4823.2436990737915,178.55625212192535
2023-05-12,201.94,25.941,5.937,982.2284852507352,60.22950081823181,9185.700639688934,4447.17799358035,840.2866668961797,4734.404183166509,177.0444994239806
2023-05-15,198.956,25.648,5.937,986.271294765898,59.89138317789888,9153.64186828044,4566.374731728109,852.59013049641,4919.061771017761,183.2011187022972
2023-05-16,199.95,25.99,5.967,991.828408102144,60.228839216567344,9201.849888165809,4595.642567721661,845.2425326868615,4062.1264863800025,177.17488731967933
2023-05-17,203.532,25.745,5.987,978.7134906724315,60.19065724499679,9280.231701986271,4873.179875764297,874.9661259064742,4067.08723850525,180.90925728367802
2023-05-18,202.736,25.256,6.036,969.951961386925,60.2488888663648,9380.144261007117,4953.500513970153,890.8155402894663,3930.223194340826,153.76940786155683
2023-05-19,199.95,25.403,6.086,974.5418284031836,59.08906090889929,9433.16506384999,4931.378993948543,865.2646728471846,3875.4466316162143,153.75656017036454
2023-05-22,199.95,24.473,6.145,976.6128645608011,59.40080568134172,9493.789521543767,4870.600750310405,915.2795262271684,3781.7828937701415,170.2553366295433
2023-05-23,199.552,24.13,6.135,992.4722357288144,58.576387147077355,9345.745832711942,4795.464605086017,901.735945896944,3575.5841781958006,167.22355873531342
2023-05-24,200.348,23.494,6.086,993.6381634865294,58.13338587531021,9031.964202507028,4801.564743257652,903.2075591915491,3527.139393484191,170.24489975843426
2023-05-25,198.956,22.026,5.997,996.4819870278394,57.91244386532272,9205.774404249085,5366.618496207142,1027.2802577538241,3368.7360206451413,167.10000228881836
2023-05-26,193.982,22.613,5.977,999.5950923341336,57.71711784345882,9399.583486015446,5524.194227,1103.0178027380025,3371.5296501831035,170.48320342712395
2023-05-29,201.94,22.515,5.937,992.9683095582469,58.642912931001064,9376.435668545839,5507.940712819458,1099.772457849409,3361.6097953178396,169.9816006502151
2023-05-30,197.961,22.172,5.937,991.5116503951931,60.83437323742248,9426.949132412643,5462.837834931328,1126.291639733594,3287.2997706982424,163.88792267807003
2023-05-31,193.982,22.858,5.799,965.0367400919677,61.22275682385191,9299.128057804624,5302.3193823300535,1083.623879748935,3235.0534038009646,167.92299652767178
2023-06-01,199.95,23.2,5.917,974.0683837409991,61.189878162851656,9371.635216426688,5314.916540104605,1089.0646404693325,3266.651131206818,167.8961798923683
2023-06-02,201.741,23.445,5.927,972.552749149797,61.09466770584157,9522.23101380346,5294.325836019125,1106.0940752384195,3329.759818151244,169.3193246447372
2023-06-05,197.961,23.69,5.967,983.3917271895151,60.860672722650044,9365.75364085418,5241.741132165305,1120.117383278557,3282.3617431442253,174.2004256425571
2023-06-06,199.95,23.69,5.917,987.7623359647017,62.016649380402974,9387.947259639275,5337.2229569191695,1116.3899195829217,3433.0280523413094,180.95105899852751
2023-06-07,200.945,22.76,5.937,981.7001023384153,60.36737072439467,9369.003635496956,5369.532162517542,1149.1853864995646,3420.2341659204103,181.7542809304905
2023-06-08,200.746,23.396,5.927,988.4496165697177,61.45650491812631,9392.745241985964,5354.417662394524,1151.0821414185848,3566.8178447433456,190.8589996466635
2023-06-09,196.966,23.347,5.917,985.5199596284093,60.92569458698648,9443.838471375058,5500.287566227518,1183.6175260575328,3553.082946917726,192.8464079319001
2023-06-12,196.966,23.347,5.917,995.8330430196083,61.618387779566,9431.484621549971,5729.239430410729,1179.3590707294643,3646.232011709595,192.88080215854643
2023-06-13,198.956,23.249,5.759,984.6242145242392,60.5275916334069,9559.832497876809,5714.917949379946,1254.1321330564533,3683.5361532104434,193.42770920114526
2023-06-14,195.971,24.326,5.64,990.7866944905587,60.75985962195561,9555.508605726322,5730.235223936528,1255.9209914714593,3557.285005098267,190.0498031517982
2023-06-15,193.484,23.983,5.423,987.3874926644636,60.86393235578521,9511.812425325203,5638.195282922359,1259.4715150197153,3516.381894910126,192.40264236055373
2023-06-16,200.945,23.885,5.245,993.4658348670063,61.97233444648195,9482.381379372222,5589.961525362916,1252.6468022055924,3462.574242753908,190.75392759521492
2023-06-19,198.956,23.69,4.977,989.4481873303291,62.22234353245933,9475.125704424932,5582.84587553551,1251.0522660068236,3458.1666156707797,190.5111105121614
2023-06-20,198.956,23.788,4.948,988.4237560521212,62.07810989642891,9344.41705955004,5553.140924844774,1295.873913167452,3410.804752832337,188.34374493289943
2023-06-21,198.956,23.788,5.017,989.9526032708834,60.699967016393735,9270.759760242092,5411.51233623593,1271.41673180832,3350.3410840176366,188.32127951690654
2023-06-22,198.956,23.592,5.057,1007.9348382348513,60.8897069755464,9266.61359456459,5494.104649688874,1291.0027606900112,3306.7516888328537,185.09804271049506
2023-06-23,198.657,23.788,5.126,991.2338220678532,60.2650994012939,9171.69730047579,5425.497687573079,1308.4081608001725,3272.3326912997436,177.7536037229538
2023-06-26,204.924,23.983,5.165,994.2063134066095,60.177760866439115,9229.221209795765,5349.530964489706,1302.728880223338,3177.4776044548053,178.41600607657438
2023-06-27,207.909,24.522,5.205,982.8684144317849,60.381155306536556,9335.3234897294,5447.854099951743,1320.4888832926517,3192.920460004272,182.08667275077823
2023-06-28,207.909,24.522,5.205,983.27346269449,61.029723553417845,9379.174079675571,5333.909245035698,1283.004681562903,3148.836510626221,179.2244997024536
2023-06-29,199.155,24.473,5.254,983.4022811097201,61.037719042534924,9371.357691571948,5331.55416882335,1328.9643806156528,3144.0421458320634,187.38226097130791
2023-06-30,202.736,25.06,5.334,983.4438032898069,59.63966625769289,9557.982998428713,5362.345804060256,1368.2848786736795,3217.737571051024,190.159198990631
2023-07-03,199.552,25.06,5.264,982.9891210897372,60.321763259964236,9374.976112755112,5463.436592842976,1369.4476484509214,3190.943449234619,189.55552347991943
2023-07-04,199.751,25.06,5.294,981.3736837889542,59.68460790918666,9271.876657354487,5462.843377476413,1369.2989549729318,3190.596979269103,189.53494170003887
2023-07-05,201.94,24.962,5.294,976.1463994721662,60.121920259198,9214.419379678733,5349.611647242971,1338.206100389325,3205.107419314576,189.5761052598
2023-07-06,197.364,24.718,5.235,960.9182749063865,59.791681708458334,8991.338617043722,5284.0183513401425,1330.6494325320818,3063.6104425140365,184.12719325809485
2023-07-07,197.364,24.962,5.146,963.2047552030381,60.36933590701066,9063.961958495602,5346.33708953904,1366.9366324348957,3059.9118074089056,184.77459223189362
2023-07-10,199.354,25.256,5.116,973.5960616082577,60.5468253616027,9181.097985055538,5309.0815070939425,1404.0546221983823,3222.4968936358637,191.5509004364967
2023-07-11,199.155,25.305,5.136,978.2675992357498,60.28232267011823,9356.887036714907,5390.990337292635,1400.8630944490942,3283.5014112771605,197.7544360609627
2023-07-12,201.343,25.452,5.185,976.199724242425,60.87102969358718,9592.031116256097,5503.260490635992,1418.4805100471422,3372.8228452880867,202.8225519763946
2023-07-13,203.929,25.648,5.254,997.7414263186259,59.11108070386887,9375.93970032544,5515.8297344634775,1439.9687358330993,3437.7159363761893,201.70550034117696
2023-07-14,207.909,26.039,5.344,1003.5371477838424,60.6586766993241,9429.46436426434,5475.729696009512,1426.6833918006523,3396.250009536743,196.71079433364866
2023-07-17,203.929,25.794,5.304,1019.4272844284264,60.35115586505757,9328.407859924017,5457.502214574051,1426.6833918006523,3409.2917007812503,196.71079433364866
2023-07-18,205.919,25.794,5.344,1021.5978923429833,60.368096441658196,9382.194705497206,5375.549454689026,1448.189982175827,3341.8874502182007,190.8562494814396
2023-07-19,206.516,25.599,5.314,1027.0741908909506,59.94558858221124,9181.35484112082,5368.587485357741,1445.411298802108,3392.6518147698953,190.7755236592102
2023-07-20,204.924,25.55,5.344,1024.5245580876872,60.50384259934517,9348.818545420923,5122.470630989206,1424.1343555233761,3285.698619595947,198.80224983955395
2023-07-21,207.113,25.452,5.373,1029.9834448067495,60.83105058001546,9430.171890412921,5093.802517931908,1398.3646418545395,3343.5482564242557,196.7435983036994
2023-07-24,202.935,25.354,5.373,1018.1417238814099,60.330784096609165,9451.82249574088,5152.678906450747,1405.5825624839053,3346.6752663085936,196.99199917602527
2023-07-25,205.322,25.941,5.492,1022.8881911247114,60.748818537665485,9391.968931981843,5238.643934683758,1410.946688474156,3323.5850372314453,194.51144854168888
2023-07-26,205.919,25.599,5.541,1039.5920966379429,60.9774743007387,9199.727709119217,5194.935330430919,1376.6694500422018,3364.1926357460034,199.01626076936736
2023-07-27,211.888,25.501,5.492,1058.8566896637974,61.00363605304798,9452.019876329912,5186.087155604357,1374.0690296903194,3281.5162591934204,196.6186448372364
2023-07-28,209.898,25.941,5.274,1076.6720433273501,61.83965402625345,9292.991964795523,5295.454561664665,1416.4286151169654,3490.645274085691,205.97655282229425
2023-07-31,215.867,25.452,5.165,1078.7409877477178,62.31662374536023,9346.696035704294,5217.36362431047,1422.8911242171744,3652.2138510302757,210.28231323974614
2023-08-01,209.102,25.55,5.066,1080.7495506944165,62.535928440678134,9213.524292323593,5160.450817218807,1446.4476251389424,3606.5296070489567,207.9322041168689
2023-08-02,204.924,25.55,4.958,1062.350015294978,62.48852032734365,9333.162131198877,5033.5284730357525,1874.9993389068986,3387.1320468188496,200.8571506301023
2023-08-03,206.914,25.648,5.245,1063.1589570499034,63.40067540637387,9229.751910761568,5036.803774803993,1902.0192104572197,3417.2425462889078,203.06477892539988
2023-08-04,200.945,25.696,5.442,1087.121304750584,63.18011419852875,9361.94739312622,5136.152219851065,1982.9247206889704,3312.5910962570197,199.51339410934452
2023-08-07,206.914,25.843,5.363,1079.2308440531415,62.538954719343735,9298.048380251068,5089.970159545279,1961.7697623998683,3226.1734701980604,197.88079143447885
2023-08-08,207.71,25.843,5.363,1097.9523998456852,63.71656718790671,9368.514723166529,5089.426013126038,2028.1702998300316,3221.888848135073,204.56437067212119
2023-08-09,213.081,25.843,5.264,1093.6194337371012,63.46511573498459,9445.04222546647,5069.703286083677,1952.7590985955612,3169.4084187034605,200.93744569783212
2023-08-10,206.914,25.99,5.076,1092.8918506536602,63.55259315808074,9453.307482690974,5114.75464839075,1899.7854497101507,3223.3942721200583,200.96957166616448
2023-08-11,203.134,25.843,5.057,1083.3449959251845,63.241018345752686,9364.369993823455,4951.068806490279,1875.0190501763864,3235.766366180571,196.54950523376465
2023-08-14,199.95,25.648,5.096,1086.424337774402,63.534166026837795,9442.868915972385,5046.2134699343005,1949.1885310232465,3218.9468064453104,197.43627564022063
2023-08-15,204.725,25.403,5.096,1081.1552674055379,64.1030456611096,9360.02460375417,4995.890136215225,1967.505606416249,2307.257100949704,193.31380013055787
2023-08-16,210.893,25.452,5.225,1072.8312888400565,63.974631616260076,9354.991801722379,5000.636113667861,1911.1522532454692,2302.3844604492188,187.60169406657224
2023-08-17,214.673,25.55,5.205,1056.2502602318107,63.62015601445826,9074.958368444577,4973.4218894065125,1861.33931164784,2236.160813352355,184.6007576692009
2023-08-18,212.684,25.99,5.185,1058.031091040713,63.82480357019398,9068.617695661635,4951.013940390199,1919.3063173929695,2193.3494881301885,183.72420647339823
2023-08-21,212.684,25.99,5.185,1042.0058591869579,62.88534133142533,9010.781564144205,4980.4148698023055,1961.7827407128643,2171.010971114505,183.58433334079746
2023-08-22,204.725,25.941,5.017,1048.0876257828907,63.34112655886469,9112.437317028252,4972.744703292847,1959.9525690078735,2054.2500257492065,187.87499517202377
2023-08-23,203.929,25.745,4.997,1050.1962730630246,62.47951364243685,9114.529061489773,5069.1040128979075,1995.6569647695433,2068.5746024932887,207.69949646639816
2023-08-24,203.929,25.99,5.017,1060.2707226348905,63.059643195741195,9107.185317046677,5003.011852507596,1967.949838550674,1986.3721305862418,206.47890819296845
2023-08-25,203.731,26.137,5.017,1063.110190844582,63.41795290578169,9120.340173599576,5052.122779144265,2115.5754688184825,2047.9452576919575,209.49399874782557
2023-08-28,203.731,26.137,5.017,1074.0721542215256,63.45467485566126,9251.26791259634,5098.800421173277,2152.4606934419135,2088.3925111328135,208.83924571586613
2023-08-29,212.485,25.452,5.086,1081.029455387083,63.59768734755434,9386.689846974641,5167.861132162157,2187.912374344887,2130.0651828611735,213.8004633958626
2023-08-30,211.689,25.696,5.076,1078.0100928880986,63.09242415875685,9384.344825347522,5148.194588977931,2196.0850625993044,2149.64482919281,211.96075974153518
2023-08-31,206.118,26.48,4.958,1084.3754518276671,63.54427887366559,9377.494516223373,5090.093339496612,2227.655381682227,2135.841188135222,213.98142466051104
2023-09-01,204.924,26.773,5.007,1081.1198313799273,63.353499883520335,9211.335860797957,5056.560374368797,2249.080528180639,2180.809890570832,216.835452109146
2023-09-04,204.924,27.41,5.047,1080.4901697526814,62.364081737064254,9129.175963699945,5048.968353192322,2245.7037135609426,2177.5355788558954,216.5098910118104
2023-09-05,203.929,28.046,5.007,1077.5784624073494,62.726562340205135,9120.796244900157,5129.441557248094,2205.777796069,2110.8133561592113,215.5507496695518
2023-09-06,204.327,28.486,4.997,1082.730349501507,61.803703693166,9185.751463938592,5037.4890796490945,2182.010767197935,2234.363517419435,209.6496082953454
2023-09-07,205.521,28.682,4.938,1079.552770355411,62.32863249870854,9131.964953983868,4912.5913654359465,2245.9237441016303,2228.457293008425,212.31533643571856
2023-09-08,208.307,28.34,4.958,1068.0676144826434,61.99955331989011,9078.857517084274,4869.434141999809,2213.785852539295,2167.971782684326,210.84588480031016
2023-09-11,209.898,28.34,4.859,1077.6181595752485,62.068318668868,9109.235412282918,4865.6290713693015,2213.043705359145,2166.6784892669675,211.90839996967316
2023-09-12,207.909,28.388,4.671,1073.0379908771058,62.59371293741763,9096.71112756669,4915.670369655563,2124.8187693426007,2172.2075342755124,214.83994096046445
2023-09-13,205.919,28.34,4.591,1080.6890552072452,62.51375847130898,8899.255807707163,4950.016851135093,2089.0232390484744,2209.839480636292,199.86506654875757
2023-09-14,208.903,28.291,4.651,1098.1622559616517,62.49961687088882,9022.974431000564,4989.608699220407,2168.682018760883,2258.651611177367,198.74322524431227
2023-09-15,203.929,28.291,4.938,1102.476718737218,62.831394822663064,9054.068918307945,4877.882539140992,2157.5949534131796,2228.393571190187,201.3950437197209
2023-09-18,207.909,28.34,4.789,1105.9256131987338,63.0463563970888,9071.12354412015,4865.966600236832,2141.5391402669484,2176.6007539550774,200.71580052776335
2023-09-19,204.924,28.388,4.661,1087.4311488629326,62.364527760968535,8976.165340384056,4807.557719110395,2146.3335711619875,2172.2312840554805,197.52701904867172
2023-09-20,202.935,29.759,4.651,1084.517564352367,62.47443525845889,9123.106767037716,4771.180231206934,2098.4277459097793,2129.302013032837,196.30656237548828
2023-09-21,201.741,30.346,4.651,1068.4435539677731,62.761440773995886,8929.717291730563,4666.675368605414,2053.637345742609,2040.0906827911385,196.34808596603398
2023-09-22,202.736,29.123,4.651,1069.5160265300854,62.767751562961095,8890.247564956573,4683.550210639369,2061.6779646546347,2041.3412065731827,194.71080792778957
2023-09-25,202.935,29.074,4.601,1077.3853756858161,62.851541980629435,8957.889350753587,4720.102326957567,2081.4262975840393,2283.842454385376,194.86516473468782
2023-09-26,202.139,28.682,4.651,1079.7314261265972,62.51427842522529,8774.86851367333,4616.460857079714,2012.013145421428,2282.5275254821754,193.29000023365006
2023-09-27,207.511,29.074,4.849,1081.9772282384515,63.52015592814802,8951.349919576605,4709.652844606753,2062.6284643394174,2408.2634989115904,193.39346335033406
2023-09-28,206.914,28.291,5.027,1076.3365132344384,64.34384518556814,8925.420773102931,4742.310567561479,2100.160011341737,2456.4169383592234,197.67548834706304
2023-09-29,206.118,27.41,4.859,1080.01272727328,62.457905327229646,8949.509247134602,4741.658714355435,2099.3176582732704,2489.240164671326,200.49851956794737
2023-10-02,205.919,28.682,4.958,1078.7820500270782,62.11207105501776,8835.300538919635,4787.395552958304,2169.782979100448,2491.7452798423765,197.29860001935958
2023-10-03,207.511,28.829,5.106,1073.148853840931,62.26457104288087,8768.509237644474,4670.725902540085,2083.6268762233376,2418.146310784912,190.15939438209534
2023-10-04,205.72,28.878,5.126,1064.386003520052,62.3324291472272,8723.984879224014,4745.1399594825925,2162.492955989612,2373.2207810775726,193.22201164531725
2023-10-05,201.94,28.291,5.156,1063.1196613528894,62.16471245309811,8737.049624316001,4746.321306398604,2153.5191798582673,2384.3710683802783,196.99932511537554
2023-10-06,202.338,27.41,5.165,1083.639252146863,61.65544227936957,8855.316986319762,4871.465443858644,2244.0738213774457,2401.7207233610534,198.2085018157959
2023-10-09,202.338,28.291,5.324,1078.917297782565,61.77067681734923,8710.395848431283,4859.298995279591,2266.347035975632,2350.519681845093,194.97920429306032
2023-10-10,203.929,28.388,5.334,1096.8329824411223,62.81444073708999,8985.66844490878,4965.218514259352,2299.8472331288503,2505.564003654479,200.7864021430969
2023-10-11,200.945,28.388,5.403,1087.8960964753614,63.50296099453752,9023.819876686892,5032.4338842192665,2360.823028621933,2520.4197455419926,198.15870819834709
2023-10-12,202.139,28.388,5.215,1092.1976356855237,63.22901238614539,8945.339838754948,5032.971824806591,2354.851217322517,2564.064773881226,196.1486930997944
2023-10-13,207.909,28.829,5.126,1084.0644198254313,62.81824352893112,8728.957230434948,4947.673373885016,2211.7999649501726,2587.1455384375004,194.1636602610015
2023-10-16,207.909,28.878,5.156,1074.3109816326034,63.23504246557707,8665.847012385093,4991.614111419272,2300.573958966779,2651.9918863754283,194.2560017242431
2023-10-17,213.877,29.123,5.205,1071.7041734020986,63.06274803221578,8650.472854452044,4963.795719042944,2323.7476605548436,2643.587672373964,194.20660011615746
2023-10-18,213.081,29.367,5.136,1068.5990431505847,62.70190884741435,8390.81470530708,4886.738710354082,2185.7852325055283,2584.9038890667725,188.51795405487064
2023-10-19,208.903,29.318,5.027,1063.119296759052,62.71888177791632,8317.402136395587,5086.419529619161,2118.7422351148416,2562.2843583032227,187.5257979952812
2023-10-20,206.118,28.486,5.027,1059.1261455159072,62.653299027087314,8098.615063432233,4992.5807649643975,2077.641926937169,2531.840632289124,185.58885241022108
2023-10-23,203.929,27.948,5.066,1056.9387656798551,63.02290357941565,8128.766341336193,4981.644757983682,2108.744119581068,2523.8949667800916,184.4537534713745
2023-10-24,200.945,28.144,5.017,1064.0817853310075,62.446211023886384,8031.778588562059,5001.882791731623,2203.2905730725906,2565.3835306933615,185.83167257339483
2023-10-25,199.95,26.822,5.195,1063.5644355729187,62.7830051854851,8010.983934604517,4785.498004145338,2111.5671564181685,2492.175736760255,181.37280543704037
2023-10-26,199.95,27.41,5.146,1061.3912425134752,62.307102524164634,8003.582516795824,4782.0316707511665,1971.5362618917134,2316.984067455749,174.82388055717456
2023-10-27,198.458,27.605,5.195,1066.1342901935027,62.97269127743058,8192.473443173913,4712.135574182554,2064.117823902954,2273.5336601712042,172.34942994458197
2023-10-30,198.458,27.605,5.195,1059.1883848887246,63.63991999822921,8177.60053769503,4715.55677803437,2169.343445234699,2357.510220623779,176.31559287300115
2023-10-31,200.149,27.41,5.245,1056.909392127472,62.959920412377,8316.651714129459,4715.202772471821,2218.834027048433,2364.6819738060003,174.09048846293445
2023-11-01,200.149,27.41,5.245,1060.8261002177053,62.84885759753752,8313.198196963685,4802.946266455081,2276.0824346738955,2296.2640624941996,173.18510185327523
2023-11-02,200.149,27.41,5.245,1048.6494322607011,63.19871586026508,8544.342724446798,4938.480847688159,2256.879488077713,2342.684113075258,177.3301526628493
2023-11-03,203.929,28.046,5.324,1066.9520851915918,62.718104854091735,8615.748446609015,4995.833807791496,2276.3995010289364,2530.411053881835,178.5242014737605
2023-11-06,207.909,28.193,5.393,1075.2505865343849,63.438190559016775,8500.397713937675,4968.194652695325,2205.7156101750734,2476.5789221234154,174.8697517833807
2023-11-07,208.903,28.095,5.383,1080.3174147573154,63.989681576318276,8508.512780780438,4961.650523242948,2229.551428840685,2480.6311571804836,176.6704393182372
2023-11-08,208.307,28.388,5.245,1065.7258096004552,64.0344859781843,8602.840973750903,4957.18543842528,2233.014393821766,2488.325807453919,178.41670417385103
2023-11-09,205.919,28.144,5.136,1062.1151017125378,63.03145834040348,9295.645000307715,4920.823480606079,2220.2727155685425,2430.699914932251,183.41749787330627
2023-11-10,207.511,27.459,5.106,1056.0723603772283,61.93879781611219,9145.082932509691,5251.621379546588,2331.678723279736,2544.3331054943847,182.93687973129272
2023-11-13,203.929,27.85,5.057,1055.6739325406852,61.91542996544413,9153.324815369468,5192.280765558069,2355.339383048864,2572.9388122671517,186.13700360130315
2023-11-14,202.338,27.459,4.958,1051.8687281898528,62.22646996630715,9331.79581321653,5317.127060478961,2423.5295757809217,2001.5459130325326,185.2559937419892
2023-11-15,207.71,27.801,5.047,1047.740334332982,62.69084935868626,9461.970261073513,5282.46785771451,2405.436652727949,2136.118155437929,189.80316799148568
2023-11-16,209.898,28.144,4.938,1058.6790955177887,62.918406170708494,9457.734150623714,5290.590885727288,2378.84361071694,2112.1670676879876,183.35169636802675
2023-11-17,209.898,28.388,4.849,1060.5177264362765,62.93127004399321,9551.1090118124,5335.875606149086,2399.086449442344,2089.643342897034,184.1021932819367
2023-11-20,210.893,29.221,4.829,1050.0853146915726,62.46586415176737,9401.019135077444,5333.702968845493,2458.5275308144046,2133.468806481629,178.89678618213657
2023-11-21,213.678,29.857,4.849,1029.6241603132664,62.077699225298225,9422.602085444973,5225.778095756366,2341.271913859353,2108.891066616823,172.5256029647826
2023-11-22,217.26,30.151,4.918,1041.0252219658146,61.52364577158557,9505.102314565169,5254.205030435405,2397.3063084811874,2073.187494277954,173.04205584926603
2023-11-23,214.275,30.151,4.908,1035.0956360859575,61.36462510909663,9456.46052039564,5257.6263507513795,2398.8673348837183,2074.537467956543,173.15473365642538
2023-11-24,217.26,29.759,4.859,1029.6588755706675,60.58098633276459,9541.878251785898,5203.651135213149,2347.930478058406,2008.6126844763203,172.2614392991636
2023-11-27,217.26,29.759,4.859,1032.7782291181525,61.28464542073824,9586.562074686168,5196.810637074057,2352.611902849312,2079.251596401795,169.80276377728842
2023-11-28,218.851,29.808,4.75,1029.1770522733964,61.28333607892754,9595.823592967443,5223.712309325114,2329.6634038692137,2198.104873614502,168.78699782657623
2023-11-29,221.637,29.759,4.611,1028.5939903449553,60.99792632162428,9615.32845418589,5223.1111113923835,2310.379164641665,2014.4543593032868,168.87640145645128
2023-11-30,214.673,29.759,4.75,1033.1432609488197,61.673403062063144,9733.821156338145,5174.866148183879,2401.3204799668747,1999.3440950164804,167.80800021362302
2023-12-01,218.652,30.151,4.76,1040.5100960085824,61.80162923644549,9782.246750966768,5269.481440386386,2496.3041548182373,2080.2148934164434,170.3911329220391
2023-12-04,218.851,30.297,4.71,1032.4442352366354,61.34214431592435,9633.287104477206,5162.27728869376,2496.4485293546168,2110.0152444732666,173.9934054599762
2023-12-05,227.605,30.64,4.641,1021.7005647207216,61.20580818162282,9715.009042456293,5153.539523048617,2488.8945967573527,2102.350028991699,173.72050819945343
2023-12-06,233.773,31.815,4.552,1017.1297784284535,60.85456089347642,9786.08127454222,5196.136058091914,2425.3449558251887,2126.56821852905,170.323880271063
2023-12-07,227.804,31.913,4.552,1008.9415156408243,61.31040912827202,9790.86069224692,5285.326937476202,2485.150022309026,2157.1162737310806,171.83993923383696
2023-12-08,227.804,31.913,4.552,1026.3100762088918,61.53693589062385,9962.702798511216,5353.256868815515,2602.289191870659,2214.9200439453125,174.42495874147426
2023-12-11,227.804,31.864,4.413,1017.9831920927974,61.446007614786254,10028.576507465921,5384.290719661047,2628.8645210773975,2096.596711572114,170.5180325803376
2023-12-12,230.788,32.402,4.334,1025.2787709175402,61.89979127312164,10085.281513128839,5436.872132595367,2737.230178271333,2141.853891588442,170.5262206952857
2023-12-13,233.176,32.402,4.384,1035.1086511405513,62.00226530985451,10089.022568296761,5462.829606089508,2653.8120580476243,2082.2625160217285,174.3547871665669
2023-12-14,228.003,32.549,4.413,1026.990607185185,62.338836596246104,10302.563948735295,5555.348920837801,2612.8486355154455,2088.822067420959,174.20720438270564
2023-12-15,235.762,31.325,4.354,1022.5071221815942,63.11737056556842,10562.059888919235,5523.9503918275,2648.325233097479,1989.145470156247,175.31639973220808
2023-12-18,242.726,29.857,4.225,1034.6815818113519,63.347191360039616,10475.684420058353,5552.930332252756,2656.021835275489,2040.4949962530518,176.12576497673035
2023-12-19,244.715,30.885,4.156,1039.2644952137066,62.93600770517935,10454.092746137438,5595.3983692365,2730.9007555611024,2055.8586587698373,180.87549781799316
2023-12-20,241.93,30.934,3.988,1036.7908904770281,63.41594037903764,10530.695073931984,5382.978807661013,2618.630339702795,1951.8000300009153,176.2234729836273
2023-12-21,236.757,30.346,3.671,1039.26973137481,63.28655381776841,10468.63325785396,5520.916322200093,2693.7446729250223,2111.891427339171,181.3211959875107
2023-12-22,238.747,30.346,4.107,1047.399942444625,63.123885002716555,10488.481040252082,5517.274391744519,2687.327505426525,2131.93083642883,177.93719617633815
2023-12-26,238.747,30.346,4.107,1048.0843188495348,63.733690221116454,10526.594401936949,5599.9516737515805,2705.2460995697184,2168.518560623168,180.5713974820137
2023-12-27,237.752,30.346,4.116,1062.4653200484706,63.729178490604895,10588.768364243317,5603.077822014457,2698.274216896607,2212.5999450683594,180.8800444542885
2023-12-28,240.935,30.395,4.235,1092.8052108640745,63.78726097641963,10665.004883582966,5629.468509768776,2711.3499343972653,2241.9576652825926,180.5342493057251
2023-12-29,245.511,30.297,4.334,1100.196203753745,64.2502668475178,10605.911129112128,5568.275102961197,2648.642982929814,2240.257444381714,186.41153904171006
2024-01-02,254.663,30.346,4.255,1097.7775195768365,64.35944151495087,10422.68207343839,5443.203432964627,2520.1664882355835,2129.668661032105,182.78039897022245
2024-01-03,248.496,30.346,4.304,1083.5515705659604,63.84887939043771,10134.31842246285,5387.258685413544,2524.251681377442,2155.844346952057,182.52445886675832
2024-01-04,254.066,30.346,4.196,1078.093956279245,63.50518047627192,10151.835393508405,5341.880704230076,2542.0143205377826,2105.5528557058715,180.93725109100342
2024-01-05,250.684,30.836,4.423,1079.6308270891934,63.2864327782035,10026.809011923344,5353.284293237026,2563.395511343115,2104.8768764079286,181.5602050490761
2024-01-08,247.7,31.325,4.512,1077.2407446352597,63.61227603340101,10081.668398110418,5491.757690022525,2685.4291168929194,2142.068295297242,186.45983243528372
2024-01-09,245.113,31.815,4.394,1081.6689036492508,64.5771605674746,10100.968565630137,5488.144626761554,2728.387348872493,2122.41464064148,185.30783179107675
2024-01-10,239.741,32.304,4.265,1076.414791298121,64.97510698160505,10177.927926179687,5472.2675383066235,2728.104040540129,2153.1799648898304,186.2088422335719
2024-01-11,237.155,32.891,4.265,1082.399977355983,64.91705471960123,10226.246124526639,5489.580538383743,2794.087134158326,2079.3103785131825,182.10074424743652
2024-01-12,244.516,33.087,4.285,1078.1587314668036,64.50793020571946,10446.112631443417,5482.237777406815,2761.912380659225,2007.8660049011232,179.58345115451812
2024-01-15,249.888,33.283,4.344,1075.3755741536643,64.57471041946307,10231.46793421904,5466.265038259095,2753.8654283385986,2002.0159996218863,179.06022692802435
2024-01-16,247.103,33.185,4.215,1061.550301224615,63.304096031301526,10254.299442391266,5484.2664427407435,2775.694050752136,1990.6399512988282,172.2026054996395
2024-01-17,246.705,33.577,4.027,1041.4327881866886,63.468487807160855,10160.655380582322,5570.551260683569,2745.29929403009,1946.5076378167723,163.23384551254276
2024-01-18,246.506,33.283,4.037,1042.629160556107,63.013597737379676,10353.680212522779,6116.520359134156,2836.394196162364,2003.7069421244814,167.72100448608398
2024-01-19,237.951,33.283,4.097,1043.8948618656807,62.81450425371612,10250.710462349816,6157.28377904222,2980.4240880077123,2027.589252781676,167.1089973449707
2024-01-22,239.741,34.066,4.027,1044.593240688453,63.152090262948896,10437.735714681765,6111.815595487249,2976.786241672118,2075.3476262878394,169.26791359336858
2024-01-23,242.129,33.528,4.097,1048.9247495388577,63.22148356620352,10494.806498339813,6222.9957598962355,3014.079216129612,2154.1358025592053,176.31916873916634
2024-01-24,244.715,32.01,4.136,1050.245249390497,63.613442397638174,10629.901373074428,6348.686199871823,2964.1850787246367,2209.9845798948663,178.44247545555118
2024-01-25,239.741,32.255,4.215,1051.7709214281062,63.17456956386425,10644.289697618005,6338.5688646889175,2985.8901022471546,2213.5708544647205,177.53512231481545
2024-01-26,234.768,31.325,4.136,1063.2908634569799,64.62912652819415,10695.878201623907,6413.295635184826,3011.5059219854593,2235.902875021362,179.12085769691475
2024-01-29,234.768,31.423,4.136,1049.7126629572442,64.96644364360425,10603.988649109755,6365.938337628613,3077.134702260664,2284.2999250112916,182.1592809316826
2024-01-30,238.15,31.325,4.255,1051.1759899579397,64.08240294635425,10729.699914791208,6327.443807478412,3181.6008543865028,2210.7562799453735,173.480998052597
2024-01-31,241.731,32.255,4.206,1052.9499677291356,64.44224600592327,10640.691353865515,6155.701682023995,3161.6666315784532,2147.2819365386968,172.84099389934545
2024-02-01,241.731,33.381,4.206,1046.6218266962458,63.78472562021086,10725.250571200344,6156.744071245776,3325.2533712192962,2270.205215647584,175.58048852111824
2024-02-02,246.705,33.381,4.304,1059.3185453863334,63.77706652674944,10937.208686656231,6266.174790498801,3427.4270327534177,2350.1366415080265,180.0913843516064
2024-02-05,254.464,34.458,4.295,1046.1451726284154,64.4565209760933,10847.226217070582,6457.766643282026,3447.987287652213,2351.586681343382,180.28644684463507
2024-02-06,258.443,35.975,4.285,1039.3146100569697,64.81067036305734,11134.046081370658,6505.210539642256,3318.085667434061,2386.4298331546015,182.96525287628174
2024-02-07,268.59,35.388,4.304,1064.9587408240825,64.03234290463865,11063.930485022875,6789.435170455836,3398.5317067404685,2447.56769821106,185.20919913654325
2024-02-08,269.585,35.241,4.334,1062.3004150684424,63.48373171711404,11268.124282667435,7242.248485901975,3439.8691972588567,2424.8730416030885,185.75399879789347
2024-02-09,269.585,35.241,4.334,1062.4154928244977,63.70273787933834,11263.728864429708,7210.734333589557,3544.07280027066,2435.08054880127,191.96338237535474
2024-02-12,272.569,34.702,4.196,1061.8782058045672,63.67052199541367,11215.670360018596,7055.057942362328,3415.456281864099,2432.5798046447744,186.60579163713464
2024-02-13,270.58,34.849,4.186,1060.9954416064033,64.08378167490679,11006.084028088986,6900.405589577043,3484.223390046507,2346.9051020526094,184.4435916952134
2024-02-14,268.59,34.8,4.215,1061.167469147195,63.936739999392195,11172.100884927037,7010.099250220461,3628.7972921692417,2391.7072382011393,191.04526001191152
2024-02-15,271.574,35.339,4.166,1088.7628072171642,64.10358774519784,11362.022957791529,6998.207259402407,3510.3925535863673,2464.9357715032966,197.23968032772063
2024-02-16,278.538,34.898,4.196,1103.95958962832,63.96203293757114,11571.058393343232,6844.927979973378,3504.1581324109575,2511.2969146742253,197.041069264822
2024-02-19,274.559,35.241,4.156,1115.4428035726767,64.13503898222858,11675.44079699667,6862.218273656734,3513.009638723306,2517.640452737425,197.53879516716006
2024-02-20,288.486,34.654,4.176,1116.6785084093506,63.7623590934547,11566.664262689612,6793.163090261514,3462.3601419260376,2502.5505921963486,195.43302436826707
2024-02-21,278.538,34.311,4.255,1108.7189520485551,63.71811650040147,11653.99702543673,6775.628240592778,3259.9445748561993,2469.084195694886,192.67904929394717
2024-02-22,274.758,34.164,4.235,1107.945385135921,63.67365958319175,11946.434029929631,6973.641980154149,3500.325416577951,2481.1990290222166,176.39120382671354
2024-02-23,277.543,33.968,4.166,1104.224609722867,63.68493143580173,12069.489315294424,6991.3491510320455,3485.6327513123397,2510.4503075086977,176.21108632914547
2024-02-26,276.548,34.702,4.156,1094.6527125936293,64.12330403019008,12097.2388964519,7064.411462793272,3693.196097413078,2534.1271803997806,178.21573504640583
2024-02-27,286.496,33.821,4.156,1097.090224531158,64.26609024653904,11906.646154581176,6973.969379095652,3701.8026001926046,2618.328521638032,176.2174883645821
2024-02-28,283.512,32.891,4.136,1096.548015327961,64.70006260942816,12018.743597697041,6913.400814405119,3695.007898520271,2677.4379329681396,172.70175139831554
2024-02-29,287.491,32.794,4.116,1093.6625436280328,65.5022791372886,12181.224429950265,7000.726232991088,3789.347011197824,2727.3576746571343,172.5677617504407
2024-03-01,281.721,34.751,4.107,1100.013341177842,63.97152362502693,12139.032693339388,7279.3195523278555,3951.4249807164306,2867.223253887176,174.11149748182288
2024-03-04,298.433,35.535,4.107,1094.442778927683,63.8951454985218,12292.48199840194,7495.603662095964,4003.0594331093016,3018.9389949951146,171.95069110803615
2024-03-05,293.857,35.73,4.027,1093.3174378190993,63.12930848569545,12039.754762181534,7311.753230913018,3906.877750840067,3120.215916633606,172.94111057556165
2024-03-06,290.475,33.919,3.998,1099.193048531415,63.47861975126701,12082.326533047657,7664.501298131654,4014.28509503603,3312.3522487585433,173.39229050321592
2024-03-07,298.433,33.185,4.037,1106.6698011543176,63.18145418545016,12248.379288012831,8059.387001318391,4010.8053315704456,3311.587341431732,178.5824001220226
2024-03-08,308.182,35.045,4.037,1108.107434307125,63.69004935997447,12325.468262044347,7891.499720267719,3852.145389987272,3215.0618003247073,171.55907640830992
2024-03-11,300.025,34.311,4.008,1101.9601792331698,64.35925096128858,12079.785641802187,7477.599079113221,3711.7878526932327,3245.8436736953736,176.1569032722473
2024-03-12,307.386,34.262,3.859,1094.1639759862696,64.09467448795823,12053.341660677755,7728.541631052969,3986.687863207655,3208.2158190742484,178.0498956860065
2024-03-13,314.35,34.8,3.76,1109.3814513607656,64.1625251312446,12338.574672740577,7627.943747898098,4055.3954497765517,3358.1825411398313,179.08089362035753
2024-03-14,313.0,33.919,3.76,1130.3637801932948,63.704839097732496,12432.031904986641,7479.735443453072,4078.720727303298,3362.3302574157715,179.32428092333794
2024-03-15,315.0,33.968,3.74,1131.240222230625,63.2942855025412,12374.614141109723,7357.795075623086,4102.831438343535,3225.8662491162104,175.91598258926388
2024-03-18,307.2,33.87,3.76,1138.802777883554,64.03353354255253,12373.771956002882,7379.69532328553,4275.136909736146,3214.8400339935324,176.16323978973378
2024-03-19,307.0,34.262,3.75,1142.237273311975,63.71149053839202,12417.466909752196,7295.241301152797,4277.234535183554,3116.23560714371,176.98926847075472
2024-03-20,314.8,34.499,3.76,1141.93681007041,63.03044427593603,12443.223093324295,7421.253262466751,4334.735511112638,3126.481702268982,178.68800315093995
2024-03-21,344.0,35.041,3.81,1172.5464488507148,63.41323692432461,12668.218155090652,7594.341735928319,4588.572050342365,3056.763718959046,182.11699771881104
2024-03-22,318.4,34.794,3.76,1172.9381032749934,63.133445445281346,12631.076351765936,7643.3216132335365,4604.113706413191,3048.1412184417713,176.27400245285025
2024-03-25,317.2,35.78,3.76,1162.8829510696035,63.543504160994985,12455.516353455947,7667.62065898627,4598.101231909299,3074.7184425537125,176.66268916017543
2024-03-26,324.0,36.273,3.81,1184.3959394546757,66.16460988697524,12512.818209386936,7587.299612762465,4635.86084505709,3124.1388517868036,177.68680337972637
2024-03-27,318.0,39.427,3.81,1203.2167423758524,65.82407456377932,12151.652250280626,7471.3999808969675,4543.7427908933605,3012.88395389801,179.97440453729632
2024-03-28,318.0,39.427,3.81,1180.8761164212406,65.6776885599032,12154.537661552095,7438.799203424074,4582.227748882928,3021.7244583419815,176.65640063152296
2024-04-01,320.0,37.456,3.82,1175.7402856608458,65.99202097406935,12109.756467377681,7722.49100196705,4502.954650851316,2977.603217617798,179.1504027267456
2024-04-02,333.0,38.096,3.8,1181.9647805469092,65.8099264322862,11752.739662685648,7659.578663973603,4527.4625022413675,3068.9021542251576,180.42447449520114
2024-04-03,329.2,37.406,3.79,1181.4130876640506,65.59831468633145,11913.848209576312,7769.922304892971,4792.274604975712,2986.8209582885756,181.85545506099697
2024-04-04,321.0,36.963,3.74,1192.8622152498265,65.81459330756296,12107.459271797401,7647.447842200287,4533.922018172278,3010.406427297363,178.04388011061656
2024-04-05,326.0,36.273,3.731,1189.7251006794584,65.77459720352913,12151.14883515477,7784.360541361151,4822.351011935418,3132.2752216650406,183.58487648641585
2024-04-08,326.0,35.977,3.661,1187.6948510741122,66.33691040760422,12231.521929181914,7840.626800537109,4741.513519287109,3162.8699741363525,186.44999730587006
2024-04-09,326.0,35.977,3.661,1194.7932592315522,65.90271953013111,12065.20096213329,7969.104232853104,4600.534288021998,3215.642951917267,185.53954935474394
2024-04-10,326.0,35.977,3.661,1195.5749974440387,65.94583885120647,12173.186802116792,8003.815175153897,4761.484320934222,3214.353699051513,187.55559190193162
2024-04-11,329.0,36.026,3.612,1199.5113176374882,65.7770173760737,12101.587007142098,8091.935970563733,4870.421761479956,3150.049036434022,191.75196314052573
2024-04-12,330.0,35.583,3.543,1202.0752256333496,66.08057022493568,12083.353057660392,7818.737080182473,4722.59557867996,3007.60272100952,187.975170063095
2024-04-15,326.0,36.421,3.295,1183.2856027638068,65.5426704468706,12184.840767545487,7709.55032246426,4553.9563330581,2984.268336005858,187.3658534275437
2024-04-16,314.2,35.484,3.068,1182.9105601523172,66.08827894764946,12020.538738642326,7728.074562845461,4671.865046836581,3206.8945209747326,185.9976024078369
2024-04-17,315.0,35.977,3.167,1200.7542067908444,66.66636451768916,12111.79193954501,7717.3978813893045,4663.907663156133,3177.363203821107,183.3423658033753
2024-04-18,331.0,36.47,3.355,1222.6685402121534,66.98912855040842,12526.768357190696,7354.240802263026,4621.946556436946,3220.922904808045,193.94190289793005
2024-04-19,328.4,35.484,3.305,1219.775671531552,66.90404127962168,12093.84417899659,7100.146645333793,4279.622806498257,3149.982628157042,192.79769036750804
2024-04-22,325.0,34.991,3.335,1262.0075095255527,67.24968001872057,11944.295555354429,7247.669795277296,4360.280373479298,3415.798800918885,192.54460034599288
2024-04-23,328.0,36.963,3.335,1282.8068846653453,69.20514882032803,12215.08630749205,7459.325766804628,4541.679323403572,3567.0010596461507,201.90572527386666
2024-04-24,330.0,36.716,3.384,1272.4260610625647,67.96580871650907,12449.273860260922,7416.420930036344,4840.23993738438,3631.0652876541135,199.71719897060393
2024-04-25,329.6,35.583,3.642,1284.9474824798212,68.88433874534736,12474.613640226074,7681.615619718796,5214.389678932348,3636.034934341733,202.54849433898926
2024-04-26,326.4,36.421,3.74,1281.9684638313158,69.56176997086197,12822.917599959623,7755.102362149628,5379.479841792054,3626.896432234498,201.94300651550293
2024-04-29,336.2,36.963,3.978,1293.2043819159276,70.6090090482454,12719.63936064375,7766.585095674789,5455.04748881649,3722.8038555297826,201.9500026702881
2024-04-30,331.0,37.456,4.107,1297.712868400701,70.22355912714464,12661.858554188026,7694.061532735941,5346.276591602567,3642.5243444754014,201.75400352478027
2024-05-01,331.0,37.456,4.107,1296.6076511988424,70.16375214871906,12640.734826373438,7581.7722978122765,5103.654356498475,3626.031413345947,201.7673695927906
2024-05-02,348.0,36.667,3.968,1320.7541428367572,69.77598924615747,12562.983456193608,7624.860818186717,5293.690322107141,3684.672128254242,201.5684986114502
2024-05-03,342.0,36.568,4.067,1326.7137561284826,69.13701159918404,12707.999353564284,7902.408429231145,5327.928864317655,3828.9505188079784,202.76319350891117
2024-05-06,347.0,35.977,4.057,1328.6317262033683,69.29538804671355,12861.98060388841,7930.134980239382,5541.218079879036,3777.940720051265,201.66537407505984
2024-05-07,350.2,36.815,4.116,1333.0740489054465,69.68200616266307,12992.078257382133,7839.1642012720695,5410.455227181956,3724.6760478039505,200.06699562072754
2024-05-08,359.0,36.026,4.136,1322.5318685214356,69.55685152640588,13261.516518057319,7979.306112244143,5569.628011006396,3816.4311990737915,200.1124973297119
2024-05-09,354.0,35.681,4.493,1330.5498702168545,69.37280444335121,13503.38217085406,7963.856542613357,5605.25753420312,3787.0340296276845,203.72739899692533
2024-05-10,345.6,34.991,4.463,1335.4209986649437,69.0030899160519,13768.208657144449,8304.255160407862,5446.474460725556,3715.903086613165,200.36450576782227
2024-05-13,361.0,34.203,4.522,1336.6476385958542,69.1250489533775,13783.390766669914,8174.577755195845,5431.412101395836,3703.2269965820306,203.37300050926206
2024-05-14,353.4,33.02,4.522,1350.4210495166071,69.66009487386492,13896.490865542963,8538.829409697792,5693.2020138489315,3831.2857505047577,205.8463116938401
2024-05-15,349.0,33.02,4.948,1342.5105659211256,69.54623168520516,14071.296160173899,8725.429534938186,6019.695796090877,3961.0084950518794,207.7451971333503
2024-05-16,345.8,33.266,5.047,1352.1796069119773,69.5742351625746,13862.960170412452,8487.54458657559,5566.21281840757,4098.441462998046,209.3968535775184
2024-05-17,334.0,33.316,4.849,1355.672188903935,69.85108043323459,13615.573757009242,8457.173760640377,5538.943337221048,4231.684963255917,213.42011562455173
2024-05-20,339.4,34.499,4.849,1367.7775830164048,71.06317939193018,13868.95586462858,8607.550113900565,5713.159759841685,4217.5617807373055,215.72320169143677
2024-05-21,347.0,34.499,4.948,1368.9096900428092,70.9669380647201,13889.27544872791,8666.549564854708,5736.830661792308,4251.277834536741,215.87159711923596
2024-05-22,354.0,35.484,4.958,1371.909903971354,71.12247498406303,14019.506348885032,8824.927207781584,5806.885325317329,4284.057764995727,215.162404353714
2024-05-23,351.2,35.484,4.948,1372.0663804632388,70.79329584438246,14105.326407586785,8854.542331821052,5855.710002386593,4160.19681350037,212.85266845687875
2024-05-24,353.0,35.533,4.958,1376.0519937196207,70.56512675079445,14288.688788911186,9052.310827941576,6163.83647886361,4190.315906407166,213.06690555510522
2024-05-27,350.0,35.484,4.938,1376.6779616229276,71.03123551989437,14293.179584947076,9046.868424834567,6160.130675622728,4187.79661727295,212.93880611057284
2024-05-28,338.6,35.484,4.849,1372.8416573342583,70.97185808811021,14200.602052624961,8999.09879574721,6091.776373558823,4044.5977758306835,212.01756211156862
2024-05-29,329.6,35.336,4.74,1364.8216830136466,69.55626617768279,13813.354307145572,8682.734183222987,5958.1262250454165,3940.3001103558345,210.70505184885042
2024-05-30,329.6,35.336,4.7,1371.2982922091833,70.41928868705033,13958.456109214352,8686.11815048987,5960.029289863305,3923.641722764587,213.2731546813011
2024-05-31,341.6,36.963,4.75,1388.1278459158086,70.55067639277027,13930.524153361846,8578.407897779834,5715.5858663599065,3945.868511096196,214.47479941864003
2024-06-03,338.0,35.583,4.73,1393.4873408049434,70.66600838238027,13930.096365023071,8820.809150382993,5614.295307424909,4062.176213531493,214.9702572689057
2024-06-04,333.6,35.09,4.671,1390.9383280769566,71.00921514838757,13876.444812684726,8685.557103496918,5383.138931919588,4107.739424954227,214.53091117415443
2024-06-05,335.0,35.484,4.542,1377.3025122022395,70.8474152319854,14164.715990798853,9323.4423829827,5700.874261408462,4188.4186779537995,216.69311977565758
2024-06-06,353.8,34.844,4.681,1378.3208720820203,71.0191720482625,14134.59137932437,9253.220185883227,5155.641920365742,4229.784118652344,216.1889699862386
2024-06-07,354.4,34.942,4.779,1378.551128074173,70.99103949821624,14007.704144716583,9362.192953850725,5124.040342039545,4246.741960952757,215.0619988708495
2024-06-10,350.0,34.301,4.7,1377.8910043672465,70.73797741325461,13955.033523586637,9592.423957007355,5344.243937781954,4282.974199380493,213.64980504651066
2024-06-11,341.2,34.203,4.74,1377.0119044079436,71.64802691765183,13831.057024435135,9472.797781357658,5238.305740491778,4311.506157135009,212.9283921638489
2024-06-12,341.2,34.203,4.74,1379.1884367962261,70.76486103092608,14442.179164618787,9878.132239496801,5283.853391969489,4341.114675191959,214.47035148229588
2024-06-13,340.0,34.499,4.74,1380.235303180673,70.83889303483487,13997.219882734853,9824.030941392411,5539.2379608216,4345.133009577636,212.12828766867642
2024-06-14,339.6,33.414,4.75,1372.5899799255465,70.76375151926999,13481.200703179056,9868.411056825367,5353.046922579466,4366.6677149029565,211.2335896800996
2024-06-17,339.6,33.414,4.75,1370.4627926841667,70.65408457459935,13553.811137755385,10141.409848302312,5242.79335670892,4397.05458964844,210.69709003248227
2024-06-18,338.0,34.4,4.73,1370.985058305366,71.43490558488769,13847.866181415011,10260.047475986648,5570.076521954848,4467.490790933836,206.74151306437489
2024-06-19,341.0,33.316,4.601,1370.4618586423323,71.46802742160276,13758.46332142542,10266.704182349495,5573.690380848973,4470.389293542481,206.87564670739175
2024-06-20,334.6,32.034,4.582,1374.5189612383456,71.67960070819636,14004.118634742239,10046.09748273925,5303.694510669826,4465.380081176758,206.81760263910292
2024-06-21,316.0,31.591,4.601,1372.2401135108191,71.20336478152409,13802.880203338658,9980.530393848312,5319.720966993191,4438.316020023194,208.3219162426758
2024-06-24,331.0,33.365,4.631,1375.019789579794,71.96206759876699,13821.194240990815,9629.65183600015,5233.906589612598,4466.885410394287,207.7758004705429
2024-06-25,346.0,32.527,4.75,1377.5838740410336,71.87380833118277,13795.432954952024,9875.074973976589,5369.381227715232,4353.84039515839,206.5712037146568
2024-06-26,349.8,31.936,4.799,1378.6438685185392,71.4515566912283,13825.448345353338,9854.817779801786,5098.861264293577,4400.000509635924,206.19494569067956
2024-06-27,348.0,31.985,4.809,1392.7299187722278,70.66677052866838,13776.685535691768,9861.073528507026,5107.535392880556,4391.0978558444185,208.62281299846654
2024-06-28,349.8,31.689,4.948,1375.80323534792,71.10510409139678,13614.52858045158,9930.40704611194,5060.813885803509,4185.426198465575,208.04064948067662
2024-07-01,349.0,32.626,4.928,1388.9497810601217,71.52387244065811,13683.69460991513,9825.185139155888,5055.442300515424,4057.9271325424197,206.43439671096803
2024-07-02,352.0,33.513,4.839,1429.7547815689077,71.680313022941,13700.907506893825,10061.684973897412,5156.348965499201,4131.700933267828,205.58649444580078
2024-07-03,359.8,32.823,4.869,1465.7331923835538,71.81925618798064,14005.297119236204,10457.28542101453,5477.474105039088,4201.967634982604,208.07057927028654
2024-07-04,369.0,32.823,4.938,1466.2998439940372,71.80918164589362,14116.06673709479,10434.690464652376,5465.638979249226,4192.888483795163,207.62100316429132
2024-07-05,360.0,32.034,4.809,1439.9956114942718,71.57636150892051,13904.934669526927,10473.641796012758,5345.792879467481,4197.001155242615,207.28094699912072
2024-07-08,355.0,32.034,4.76,1437.1797145481435,71.89750962185373,14021.675525805138,10648.852136945352,5390.447319787927,4270.056977667846,207.76730067605968
2024-07-09,360.0,33.759,4.73,1443.2681466846896,71.38081753540085,13786.10956107583,10516.944454520475,5409.6299006168265,4299.29566593506,209.29396198562608
2024-07-10,356.4,33.217,4.58,1471.6079711619172,71.35158763611815,13939.663342089152,10893.785530451685,5490.122150797863,4369.5636799740605,209.38345378974918
2024-07-11,360.0,33.513,4.77,1475.0806098473881,71.88128437512157,14020.656206203676,10466.878943806805,5390.264608125406,4300.240987304685,208.9020900753976
2024-07-12,368.0,34.301,4.62,1464.061616677029,72.58740121476484,14366.73511978429,10622.71825354721,5202.231676008581,4293.805316336977,209.95037731420507
2024-07-15,363.2,35.041,4.68,1468.1083569451912,72.44758117597674,14259.257465883786,10545.827407758683,5120.269620317966,4197.280100588687,207.32355068202014
2024-07-16,362.0,34.991,4.65,1445.4025369133558,72.75564710215376,14261.86545382893,10583.44588403037,5222.406642394781,4155.758415116579,207.14605339283935
2024-07-17,364.4,35.632,4.78,1440.9415914753981,72.28955497380139,14014.962212271204,9733.552981428104,4757.462367988308,4061.1959379168693,203.52633524243356
2024-07-18,363.0,34.597,4.93,1427.160443268174,71.93804483489076,13586.264649363518,9743.662915131892,4789.084207698703,3998.3942291412386,198.29151019430174
2024-07-19,369.8,33.217,4.92,1415.4731782239357,72.15376921145806,13676.673545966187,9404.468056504964,4952.093684852356,3977.3548905319185,196.68559305469535
2024-07-22,355.8,32.527,4.78,1399.4055248496436,71.5057745099498,13933.87140908714,9630.51863025641,5111.717348421225,3935.5252947448753,197.1554128643038
2024-07-23,362.8,33.168,4.85,1420.6125889409302,71.90025818584807,14112.0304808172,9669.662460174877,5301.814557729522,3911.967014299007,197.4089025579451
2024-07-24,362.8,33.168,4.85,1421.5264547457375,71.56848871217224,13867.867000117049,9106.907707980601,4582.70632957702,3811.8506158859236,196.40880002017002
2024-07-25,353.8,32.478,4.85,1416.8697114212703,71.72448302393124,13248.886161968767,9139.886517812265,4462.415528726706,3749.273083128355,194.1901198440837
2024-07-26,355.0,33.611,5.01,1406.458614913239,71.78684209773424,13481.814481551572,9237.07383516297,4500.988609178748,3822.8471637469484,194.8283054346466
2024-07-29,350.0,33.02,5.32,1406.3670814348768,72.39995836187673,13380.54966016469,9104.053234862164,4540.910469243536,3829.5834003417986,193.17159868087765
2024-07-30,353.0,34.45,5.24,1421.5397220241694,72.72065884663839,13257.059124720285,8832.30405822536,4270.660139143176,3812.7750408526626,193.45260264291755
2024-07-31,356.0,34.5,5.49,1422.2767230180045,72.69871056098837,13651.241859994436,9465.007122312323,4596.97137619229,3847.063341354369,193.23149821496008
2024-08-01,360.0,34.7,5.49,1397.728168912517,73.85280185554872,13031.992404740418,8982.971096038818,4299.922988891602,3730.9126777648926,188.7300005555153
2024-08-02,350.0,33.5,5.21,1369.6246273058207,73.7410312569166,12359.417646424994,8504.34550233814,4033.207072745892,3536.136011123657,188.59392114837647
2024-08-05,348.0,33.5,4.97,1295.0990164667016,72.40396909163678,12334.131578368275,8355.999545458239,3914.039191299118,3472.3840458100894,186.53782087128639
2024-08-06,348.0,33.1,5.04,1269.4743230377976,73.29326500717956,12381.555154235348,8736.509241813677,3984.9290433746064,3497.048047077027,182.81073033668508
2024-08-07,352.0,33.75,5.09,1304.506281781807,72.90305999451543,12762.378487050133,8719.248682689678,3868.0713055031665,3503.2101069938653,182.86145875434886
2024-08-08,357.0,33.5,5.5,1295.8264148908722,72.98722740984499,12711.900770117589,9222.475566698355,4075.0737715419964,3602.1980062121584,185.68623774505613
2024-08-09,357.8,34.0,5.45,1288.4775239602607,72.57330223638118,12696.01791490269,9309.815322613576,4073.2058842256665,3706.1003952880856,185.13359856739044
2024-08-12,365.0,34.95,5.4,1309.1114981413384,73.63764963215615,12772.158248371195,9360.290525706718,4167.387787835731,3832.8429972381564,186.71650442814826
2024-08-13,367.0,35.6,5.5,1313.4076298846087,73.97173094213609,12985.712663228156,9611.697587426752,4350.683294867631,4281.86910864868,192.7842177727507
2024-08-14,369.0,34.8,5.9,1330.981335812408,74.29538141759055,13187.735409736602,9422.349938870757,4546.794222348835,4366.924978213501,191.62156369846343
2024-08-15,374.0,35.8,5.75,1358.103311112806,74.30449844678185,13401.928926835973,9642.012132090458,4704.868312912004,4507.795226419374,177.3782372071837
2024-08-16,395.0,36.5,5.81,1390.9444713033286,73.99353421783701,13460.222699256929,9725.715446958784,4528.11254012282,4504.956986341858,181.18135049095144
2024-08-19,396.0,36.0,5.64,1398.41375008984,74.66271843720986,13620.145342917664,9764.280154888518,4491.737119926838,4694.017481513671,190.08971442535403
2024-08-20,412.0,35.8,5.53,1404.9844949648757,74.92873380959978,13629.76920178394,9500.536805040145,4323.122210584581,4591.481567872921,182.95689610754016
2024-08-21,411.0,35.35,5.46,1396.063264031477,74.59861752209932,13661.247398116446,9401.54889639432,4376.095597293868,4614.668056563416,180.55929390903475
2024-08-22,417.2,36.45,5.2,1382.8591916412543,73.97763256295742,13673.437272932557,9104.962694825255,4297.631616803992,4643.185255050659,179.55520287089348
2024-08-23,417.2,36.45,5.2,1400.0184012175237,74.18605527989378,13779.021638223732,9430.680516912253,4425.305276561412,4697.67384192688,182.41748669578556
2024-08-26,417.2,36.45,5.2,1405.0085504700207,74.21991092757919,13796.817988540877,9298.943240278051,4392.9497633683495,4671.7260880828835,182.78460350432397
2024-08-27,408.4,36.2,5.45,1393.5101532470026,73.82062897708465,13627.44222029014,9298.870025807235,4474.737658109138,4603.745920127869,181.19699806141853
2024-08-28,405.2,36.0,5.54,1394.1030743097238,75.09790058805993,13787.46217563743,9269.143725414528,4513.397582481091,4564.956873676449,180.373118217125
2024-08-29,403.0,36.35,5.44,1397.1978430853283,74.99138017033025,13933.939511857378,9268.546722573112,4480.801952330832,4356.933780137944,179.85279809017175
2024-08-30,396.2,36.65,5.44,1416.2526555167021,75.2582915377339,13803.051055758971,9385.842971833772,4644.069420676795,4390.841539212037,180.54540062150954
2024-09-02,405.0,36.2,5.5,1433.4658205030478,74.86818013608509,13849.79508446056,9411.11979477515,4656.576269643498,4402.6664253179915,181.03162377036097
2024-09-03,398.6,36.7,5.38,1456.7062511792665,75.95407988468445,13709.776268315365,8833.610745687503,4235.149011646165,4369.771942836,187.43723866272921
2024-09-04,398.0,37.15,5.29,1429.6497454375628,75.47204196381972,13543.693043699941,8847.781544285826,4224.04527378967,4408.754300558474,187.85862057388294
2024-09-05,404.0,38.0,5.46,1435.3534894922277,76.85829943084144,13299.341782717978,9000.079013744486,4227.536004958994,4439.2571513586445,188.3526203581141
2024-09-06,400.0,39.7,5.44,1421.492849539103,77.54706628872181,12911.548930222656,8545.37863070058,4001.5968294841878,4313.821877179871,183.88797298839563
2024-09-09,402.0,39.8,5.38,1450.5707490836462,79.70183050256489,13210.827776262144,8914.901920166973,4173.6474683401175,4320.419397041318,188.18624208688743
2024-09-10,407.0,38.4,5.38,1445.625827655882,80.23814726859196,13172.818082134118,8885.757572335191,4224.382242414635,4347.557910532225,187.97519301300053
2024-09-11,407.2,39.0,5.24,1449.4645931427135,79.82068297603493,13140.233070572172,9297.022340568365,4604.080877867091,4366.680957545468,193.2655561456204
2024-09-12,418.6,38.85,5.2,1467.006109678761,78.91150480128944,13478.511002084717,9385.54176845454,4842.3113819481805,4426.764214035036,193.02750530004505
2024-09-13,411.0,38.3,5.15,1479.735213977104,80.88066069171701,13647.211922309485,9462.690599542519,4795.909764853859,4550.950928591919,194.52820636920933
2024-09-16,413.4,39.1,5.11,1484.1976222643323,81.39158986632404,13642.603224648308,9265.15625,4859.487243652344,4473.279846191406,196.0
2024-09-17,405.0,38.7,5.03,1477.8385989565966,84.19017101486601,13807.710548948215,9118.609002719284,4850.1237317732885,4473.095669968869,198.79186952793134
2024-09-18,404.0,38.2,5.04,1482.4453858756945,85.01815419990976,13739.708242456707,9120.688105087727,4873.83155056159,4591.328185607912,203.9352092502595
2024-09-19,402.8,38.2,5.15,1496.099862722579,85.69599905877958,14264.681954659407,9597.436515121837,5112.772451543453,4731.486779321596,203.70828823968895
2024-09-20,403.4,39.0,5.18,1514.102582554387,86.00804140479303,14019.969065798425,9445.28505670774,5230.789102788112,4752.533851708373,201.83437059344305
2024-09-23,414.0,39.9,5.25,1539.6186140585316,86.04324513800502,14313.539044055644,9513.13253586588,5332.793797917606,5043.972094984434,203.04950920391093
2024-09-24,413.0,38.5,5.3,1522.6151927165229,87.26691904359846,14428.909534876999,9960.632919412688,5436.093914822937,5193.935988137819,206.97429961867329
2024-09-25,410.0,39.0,5.15,1512.8763963535173,87.74825851765536,14585.019356886205,9970.015417098999,5616.650301933289,5249.456079483032,211.20749840140343
2024-09-26,410.0,39.5,5.24,1497.9087839198426,87.83015490182763,14676.646621047743,10191.009518435458,5596.807358556107,5286.203572872619,211.82719537048342
2024-09-27,410.0,38.5,5.33,1476.6535240028627,90.02053516975049,14478.162176226106,9703.545198545326,5471.522853023373,5254.9531790893525,214.52199938583362
2024-09-30,404.0,38.05,5.38,1506.908530295376,91.59635302643734,14303.010481722162,9525.173783156846,5564.330832462758,5284.393859649659,212.98999442815784
2024-10-01,404.4,38.25,5.41,1498.3775363423752,91.05407936421403,14267.04126855558,9455.772548717505,5470.361885553284,5474.940828708495,212.84260936130522
2024-10-02,416.2,38.05,5.29,1492.9648067207704,91.42152597317194,14260.397155359675,9680.702500572079,5743.334638684639,5363.007817153935,212.156754679203
2024-10-03,412.0,38.3,5.37,1490.6070409133033,90.29482532412113,14016.573187069414,9878.077714785584,5763.283501163882,5351.149164050294,208.10649872994418
2024-10-04,420.0,39.45,5.39,1493.4460370505926,89.58582447666785,14089.973133933216,9968.235449927975,5902.787921582814,5397.709410476993,206.93375802635182
2024-10-07,429.0,39.55,5.39,1498.3136730405497,88.72473623297523,14113.423200089635,10167.55287209613,5997.4760319536435,5358.372205261228,207.80234815492622
2024-10-08,438.0,39.0,5.29,1511.4645233067722,89.52682904710647,14375.956436185268,10339.07475697808,6053.269331117626,5413.886168898316,210.1267040629864
2024-10-09,429.8,38.5,5.2,1529.854929704382,89.1580524810995,14615.342694224366,10406.97158989252,6131.253018194577,5482.486763023073,208.00146956900608
2024-10-10,420.4,38.2,5.2,1530.4886859301832,90.1489535647546,14447.193802225564,10375.51627969346,6120.452053335466,5470.542938691709,207.17863129508987
2024-10-11,407.8,39.0,5.18,1537.1170144762457,91.066584978445,14646.502333957274,10705.352525811642,6398.563492715824,5692.8913470483385,209.27640012130723
2024-10-14,402.0,39.5,5.25,1549.7268330403342,90.37234388797428,14733.025230131823,10762.45795557648,6418.386897954275,5733.072331932373,207.71586699165346
2024-10-15,408.4,39.45,5.33,1565.0029087313023,90.63775437522222,14547.987087926458,10512.804861951387,6156.697928109061,5559.203943968809,207.2573094603349
2024-10-16,407.0,40.7,5.3,1554.6574490918738,89.72729566043101,14497.050463566757,10583.650040059001,6429.545345749648,5732.755016470037,207.68760130968076
2024-10-17,408.4,42.2,5.24,1573.3780707928727,90.02398425544334,15022.251618591603,11638.440055193205,6589.018220904109,5718.106815079955,209.17083880058271
2024-10-18,409.0,41.35,5.18,1577.042991899091,89.82455895392074,14868.25458769937,11334.26607265987,6461.669810018793,5705.540952209471,215.1836959779739
2024-10-21,408.4,42.0,5.15,1555.698352040116,89.83070185672067,14709.091067812195,11364.745615730702,6433.474745096173,5698.665523072821,231.76530530185664
2024-10-22,417.4,42.2,5.16,1543.7840063356161,89.96326830188266,14600.28871522755,11191.805349349976,6467.039397239685,5738.873538970947,239.7199912071228
2024-10-23,407.0,41.1,5.0,1555.0384169821118,89.33695765795338,14474.501122508611,11345.85996317037,6241.63538885914,5737.387277655944,238.98563949428535
2024-10-24,409.0,40.5,4.84,1560.6680575721646,91.84677160521811,14571.972470209292,11245.042922228575,6374.498854236474,5836.191143139644,239.78781231613175
2024-10-25,412.8,40.9,4.9,1555.24389961669,93.51891218698545,14688.632783954801,11524.64002636727,6479.674272341654,5739.991718890378,235.62044298225373
2024-10-28,413.8,41.8,4.88,1564.8079096473095,92.60882146999917,14990.209016929039,11154.696286392049,6638.018239933415,5812.169455378724,244.174355739975
2024-10-29,413.0,41.95,4.86,1563.423497671119,91.62147741942354,14653.790099695694,11206.912617351045,6605.325681981398,5582.202271323244,242.50218163711543
2024-10-30,415.0,42.0,4.91,1537.2926385125506,90.32651637799636,14748.796275524992,11068.067348891636,6525.920097624767,5545.555896705628,239.61919271545412
2024-10-31,396.0,42.0,4.97,1539.3269222955498,90.44604454253655,14491.530619279833,10845.141969644465,6343.2961196039105,5470.606510290527,237.32135481513978
2024-11-01,396.0,42.0,4.97,1546.8278834193138,91.08787493530363,14704.986239433227,10991.377724503574,6209.698468462884,5552.54655466156,236.9350606142998
2024-11-04,405.0,41.9,4.9,1558.2395974259834,91.85541069743766,14362.441999999657,10924.379279850516,6176.505573449889,5547.673226086423,238.3652039001463
2024-11-05,409.0,41.2,4.9,1565.0670906963599,92.18707966527757,14717.47960401949,11184.969855159754,6551.145259203273,5590.258416830446,244.65410078372952
2024-11-06,395.2,42.0,4.84,1573.0940964311199,92.1029955720406,14756.311612918787,11026.23288970464,7008.0179872557055,5561.78789584717,246.10195111278517
2024-11-07,400.0,41.75,4.69,1663.5900414800096,91.44524218991843,14677.108124576365,11570.818814161,7164.860328961164,5625.847185240476,250.9649714513016
2024-11-08,392.6,42.0,4.66,1690.4182604508283,90.97425073228528,14626.497490482958,11455.6290516585,7301.034415585105,5443.882095035398,246.1267845952225
2024-11-11,390.0,41.4,4.55,1699.4938288660792,89.8929466605988,15039.521177375509,11075.307200936484,7379.837516516796,5684.549333883362,255.47226520465847
2024-11-12,380.2,40.8,4.41,1684.9496438020292,89.98664561774336,14430.098320690808,11000.15782843571,7242.014902375493,6310.442974464415,286.65178695030227
2024-11-13,378.0,41.0,4.3,1699.561519533658,89.83347257690855,14558.975729150561,10736.450320669566,7304.136383359088,6169.653520403139,287.43907349649453
2024-11-14,380.0,40.7,4.2,1721.5731361789935,89.34705303781556,14700.750708096048,10816.275661345106,7081.820102680824,6059.271244305419,277.36719823150634
2024-11-15,383.0,41.8,4.4,1719.5971939468218,89.00252060898802,14508.204873915976,10702.884236909333,7091.9964268312615,6053.077831929317,278.1334523163223
2024-11-18,383.0,40.8,4.25,1696.1383985731763,88.90638535163225,14303.712317055,10749.309057596955,7192.614883810398,6365.066251343989,292.38405542129476
2024-11-19,393.8,40.6,4.25,1706.4157536842265,89.49657411085754,14337.505991470132,10864.853023312753,8232.750375947217,6654.827321942139,319.6284072319031
2024-11-20,399.0,41.7,4.48,1702.8422113859885,90.07083745229768,14296.17190518903,10845.659085389867,8075.729263615212,6735.169554968568,333.05136255752586
2024-11-21,408.0,41.5,4.38,1713.4514077999954,88.65536236227135,14445.272588675036,11037.312624835176,8327.137701063475,6861.259720843809,334.42226878974907
2024-11-22,397.0,41.25,4.4,1695.7523839613843,87.80791411186271,14409.430189470115,10948.230416779406,8231.632737410255,6653.760478694458,298.43034762874595
2024-11-25,415.0,41.5,4.28,1695.4715159219563,90.00517831821172,14327.727355085779,10650.822736961476,7747.858733168803,6704.340156555176,302.2833992067335
2024-11-26,390.0,41.7,4.25,1670.069337450852,87.7634813942539,14233.495479336578,10603.02990090393,7748.062530599418,6715.148363553162,303.54616536531466
2024-11-27,385.0,41.7,4.14,1679.7690682038906,89.20552207760308,14214.397346511352,10450.72285480937,7466.137797525618,6820.410214284668,305.3299111462402
2024-11-28,385.0,41.7,3.95,1694.0894241883855,88.70547014047268,14345.820470915134,10401.788108240347,7431.178152528126,6788.474141539307,303.90022613502515
2024-11-29,370.0,42.0,3.98,1700.576836391523,89.48461214746312,14593.088944209016,10599.367919815995,7468.669330099656,6675.394424160768,293.2950019836426
2024-12-02,390.0,42.25,4.0,1702.5984106752378,88.11451892290178,14519.089512832566,11139.033230244066,7423.545793582394,6630.99446505768,303.32524583791746
2024-12-03,394.0,43.0,3.99,1737.4674207061169,87.93512527614291,14513.723464404395,11404.484148977324,7496.016931321472,6768.184387207031,309.98870259860996
2024-12-04,396.0,42.45,3.99,1741.3788406540004,89.13014514183595,14767.83452748028,11451.924629909685,7618.007999386697,6846.764202317805,309.6526393710137
2024-12-05,385.2,41.9,3.98,1756.0536854172105,89.79669287404823,14708.886275926303,11628.734276188887,7813.75738342898,6812.753289648739,304.8055399698642
2024-12-06,391.0,42.0,3.9,1724.3623427183397,88.54206212497716,14858.810524958886,11454.36155366432,7703.10487935174,6702.742609977722,296.36211716449725
2024-12-09,395.0,42.0,3.88,1725.9733583824661,89.49191829784365,14682.743497167912,11277.486731769342,7287.18690498764,6605.29002989197,308.42045453147875
2024-12-10,404.8,42.0,3.7,1746.5672460296164,90.64872036179568,14387.703167597007,10903.791367437225,7052.092881041754,6505.062961364747,315.2386416913032
2024-12-11,388.0,42.85,3.69,1732.7151316050906,87.3533066223822,14652.359293826188,11054.332243478566,7291.614334628364,6772.9265165139805,313.48079548377973
2024-12-12,395.0,44.95,3.47,1745.1777043140046,87.3343596134118,14518.90111260288,10973.08519403392,7286.820358372468,6847.976506585692,302.4342812830928
2024-12-13,397.0,45.0,3.54,1735.2021161721352,87.76311901625846,14445.57170367674,11496.97940285434,7315.758052842866,6786.939836490783,298.9353633810424
2024-12-16,400.0,42.0,3.74,1763.692826027382,87.2450393064812,14561.890477372794,11622.919175754942,7362.014526006678,6710.644542382506,300.3717571508787
2024-12-17,385.4,42.2,3.7,1759.8368747825207,86.8453729744028,14658.459200575971,11542.710020485567,7059.219988304889,6785.293876968382,301.20398433303853
2024-12-18,389.0,41.35,3.7,1735.3836529157388,87.29732072412527,14840.572453921173,11309.808516969206,6710.818287039292,6538.97582575836,289.27264550552354
2024-12-19,385.0,41.2,3.6,1733.2182890462777,87.12811216997954,14304.533027707485,11344.684540064307,6841.559128844063,6628.736542434082,292.12992182739254
2024-12-20,390.0,42.0,3.78,1695.8142566879358,86.40253124348168,14141.000422626514,11389.553477079608,7049.238003332866,6509.393683572998,288.28660381641384
2024-12-23,398.0,41.35,4.0,1721.9174185952136,86.63988363706136,14170.263296748715,11954.581200919405,6901.951141348254,6424.474614079285,286.60240448722834
2024-12-24,398.0,41.35,4.0,1721.05967623243,85.71762460206503,14107.77502370138,11839.09769788594,6927.741336325795,6515.75588270172,288.7578189727592
2024-12-26,390.0,41.35,3.95,1703.0380659564296,86.93075074890679,13990.000889245886,11561.169311523438,6882.157638549805,6359.700088500977,287.6800022125244
2024-12-27,386.0,41.95,4.0,1702.73958357669,87.29417519553914,14087.102188691648,11473.419769945904,6660.229897770623,6302.280868186033,278.82606949035653
2024-12-30,386.0,41.95,4.0,1713.804637967624,87.26033815744262,13984.503376682089,11391.05674670398,6714.025632422854,6223.952136074222,275.6420977572634
2024-12-31,386.0,41.95,4.0,1710.5979316727417,87.35604266292466,14070.368573972923,11249.859410262667,6580.470458193682,6156.982781936647,273.901582063103
2025-01-02,399.0,42.0,3.97,1688.173438148443,86.91473301872637,13840.723515038315,11321.770450793148,6756.005970732833,6000.242035543517,271.2038250238038
2025-01-03,399.4,42.15,4.1,1695.0377589332077,87.94835403957917,13852.809446820229,11891.288281348534,7283.8964226678945,6173.896088235779,279.31188785158156
2025-01-06,410.6,42.9,4.12,1708.7577766008997,87.99451990250965,14556.235366366367,12557.96049817343,7781.78375136049,6306.623497256165,283.1758802245713
2025-01-07,400.0,43.25,4.02,1732.3797506192855,87.31458881771809,14725.743875722646,12021.993793357688,7553.443319606013,6164.591035823978,274.5739579177098
2025-01-08,397.0,43.5,3.9,1772.6076300149905,86.30085054741818,14612.209507091988,11809.809885950759,7494.749460529536,6351.703851187136,268.93817986518843
2025-01-09,399.4,43.5,3.96,1768.1433066865816,86.12406360602286,14956.374347073972,11924.887097486062,7567.779837597627,6413.59615722351,271.5587686903382
2025-01-10,399.0,44.5,3.94,1721.068037232408,85.48377792372628,14526.267198493926,11906.44602367282,7490.992519663298,6303.56085415039,261.36288256607077
2025-01-13,392.2,44.15,3.8,1727.7542423818297,85.13332543593259,14414.519159677107,11594.639375613478,7260.711645252013,6268.887533510133,263.9655017852783
2025-01-14,389.2,43.95,3.75,1722.174711171413,87.58663460541119,14530.407139502562,11580.640022239706,7537.461833416193,6467.587453306885,255.33032901638035
2025-01-15,395.0,43.15,3.52,1707.4101051914663,86.03360474845711,14705.428817425021,11885.35127273621,7713.895585976774,6488.289379334106,261.12408373062135
2025-01-16,394.0,43.25,3.67,1712.4382213741117,85.33633498369653,14769.075678987489,12294.797328173998,7717.142478609632,6509.368430501403,259.4883901000976
2025-01-17,399.0,43.5,3.64,1720.1564909254766,85.98404869047462,15096.252346022424,12146.959687923722,7935.0788268088945,6732.985663617554,263.2814998626709
2025-01-20,396.0,44.0,3.52,1706.9371638226294,86.17210206161933,15121.454692768928,12121.422754096275,7918.396662043233,6718.830696961668,262.72799491882324
2025-01-21,390.0,43.15,3.59,1712.1396873239996,86.21247580959341,15405.6437154615,12483.831783574307,8307.46009424224,6871.004393249517,268.07151479816457
2025-01-22,395.0,44.25,3.49,1709.954964552129,86.92226106600042,15844.912510225284,12784.519745482481,8654.026135540218,6906.305855010985,271.9109839859011
2025-01-23,390.2,42.9,3.55,1727.9609544356413,86.85513415738886,15954.768881615264,12859.241351167439,8934.812432494131,6791.947111065674,270.60479079742436
2025-01-24,385.2,41.7,3.55,1715.0816997724721,87.605887442816,15903.140811773786,12703.248889148177,8518.023889892735,6869.984167967836,266.54069600898765
2025-01-27,375.0,40.5,3.48,1723.7318357349554,89.47819502531168,14427.807090413804,10980.268985621282,5956.579441215494,6644.188249836734,258.25260739316946
2025-01-28,349.2,39.85,3.48,1734.9726763168753,88.58054433894358,13375.464749947127,11603.26372039318,6211.000723586418,6980.671575438231,266.3085611113929
2025-01-29,349.2,39.85,3.48,1720.2885061056409,87.83083121191144,13891.956632207937,11519.408978089923,6394.59955426224,7071.238040773314,277.235234794407
2025-01-30,351.0,40.85,3.4,1736.2647967536575,88.64651467565496,14198.027490073875,11937.80546811904,6682.995369235316,7208.476245399477,271.09198865938197
2025-01-31,350.0,36.65,3.1,1764.1519206558294,88.29353215477902,14392.085838517516,11985.388633835828,6813.023160875891,7104.010976406862,267.1514039360045
2025-02-03,341.0,40.5,3.26,1733.624470609217,87.35312949774112,13764.848314570781,11456.172750854515,6564.789893433801,7120.300903565978,265.1859345851517
2025-02-04,367.0,41.75,3.45,1753.3049414927973,87.72360586888833,13968.554126051236,11729.703380542109,6502.628150540055,7211.664258476259,299.2416148361208
2025-02-05,378.0,41.5,3.45,1740.312320948223,87.27000911838935,13511.745975147183,11864.643683425384,6885.479361967155,7132.486200012208,264.25200016307826
2025-02-06,370.2,40.95,3.49,1738.3703922986222,87.97237171828219,13905.574315960777,11925.872689916054,6887.512840436801,7079.322130075074,269.5290551158905
2025-02-07,358.2,39.8,3.45,1756.466694394256,88.17195491513615,13793.847802081098,11718.191448288853,7016.588028971746,7123.545112609863,277.412852176094
2025-02-10,348.6,40.0,3.35,1755.6894309464712,86.77345283822558,13840.921247501969,11693.831525726127,7190.82733459241,7176.789922136231,273.82708866397843
2025-02-11,332.0,38.75,3.3,1752.8184583910845,84.46783741815219,14065.730559325631,11847.67578341486,7113.000728753745,7499.832548611448,276.3796106723785
2025-02-12,340.0,40.0,3.25,1767.5059150104564,87.77276644437309,13888.383831637144,11755.258284896147,6442.64157414576,7580.966095199576,290.12500762939453
2025-02-13,355.0,39.0,3.29,1766.3348745702795,87.51994257125804,14236.865290731843,11463.40314460639,6311.127065170789,7702.902163775638,286.9856052345276
2025-02-14,344.8,38.8,3.13,1767.82740139682,88.42560581863263,14421.072313923194,11569.965057725552,6234.160704490088,7800.78461477661,283.24450700807574
2025-02-17,350.0,37.8,3.04,1773.2195912593459,87.57650041589112,14371.452057181468,11527.932672003284,6211.512697682949,7772.445238967892,282.21551147413265
2025-02-18,350.0,38.5,3.2,1810.2694411280502,88.6505580773921,14706.311457671307,11509.118078948464,6347.10566086648,8016.394571447745,306.49902073478734
2025-02-19,347.0,39.4,3.25,1828.762228445634,88.27942360600264,14529.344912454115,11472.597765310784,6260.255821588362,7922.555250210571,310.57440805969236
2025-02-20,346.0,39.4,3.2,1827.6547346125387,88.14937632184056,14913.59669866441,11415.232287929335,6080.812779193948,7719.415779362491,278.0802741638181
2025-02-21,345.0,38.8,3.18,1851.6991799940492,88.27459481240128,15103.826972577928,11242.959228666732,5535.460662934347,7373.245853416447,283.09751298666015
2025-02-24,340.4,38.8,3.18,1833.3350729722515,88.31150848935904,13993.090214500002,10844.56882965978,5236.953885224852,7331.7406288229395,277.84409474937456
2025-02-25,340.0,39.5,3.16,1843.978150356399,88.84639182451505,13532.966852016072,10760.541858257493,5309.784193614847,7173.233210657956,263.96016392406455
2025-02-26,340.0,38.65,3.14,1849.8810354036073,88.90163357232431,14023.746934036359,11035.745052462444,5685.563871696009,7409.5167185089085,281.31554041690833
2025-02-27,340.0,39.0,3.18,1845.5804586013362,86.7907447437165,13795.118312141662,10272.983923734166,5330.396567752701,7305.811809924315,279.1257000129699
2025-02-28,349.8,40.4,3.07,1809.3253247479988,90.01876118041763,13637.009672659064,10274.00021863659,5507.171925365925,7378.477861183172,281.1787370705606
2025-03-03,340.0,40.45,3.04,1797.9986673942788,89.70931399613848,13379.253293533577,9820.835929228691,4930.884724922245,7142.661495283508,273.5832018249512
2025-03-04,340.0,40.1,3.14,1787.6813522727275,89.26442054283154,12798.335493845028,10191.360314511927,4973.493285797595,7631.376224922482,270.509829884224
2025-03-05,337.0,40.8,3.1,1800.2464442658427,89.71448871252801,13391.781016979921,10421.566716256435,5053.970604299975,8429.065278278198,278.2611258994293
2025-03-06,356.0,41.0,3.12,1812.918290638924,89.27548892075468,13380.325719047823,9886.653030842426,4689.979787245393,7969.67650837556,263.4603865362169
2025-03-07,385.0,40.8,3.1,1808.053824898773,87.39366491500533,13360.071203129968,9941.633889186953,4854.011728173529,7759.568591419375,262.4837525079347
2025-03-10,390.0,41.0,3.16,1804.7348510391885,89.08570860671125,13143.046045724152,9565.987531120714,4447.007836017961,7270.608524290466,235.2725915788651
2025-03-11,369.0,41.0,3.0,1745.616416780171,86.90937699398754,13412.758655858037,9639.141873002518,4764.994353414571,7334.89584577881,247.54052855869304
2025-03-12,364.4,40.2,2.91,1746.6767184395408,85.3107562993775,13720.316794484756,9922.777453969116,4862.25418395095,7395.468860968016,240.77208931722635
2025-03-13,376.0,39.2,2.95,1737.8809404036149,85.57405048387898,13578.712013233913,9649.841350651695,4751.332099244464,7150.3648743988015,244.05541701278707
2025-03-14,381.0,39.85,3.07,1738.4427000141795,85.71205946678914,13704.204555855935,9782.745452232659,4996.722094534867,7294.730231359863,251.8780007596015
2025-03-17,393.0,39.0,3.0,1744.5503670549447,85.7999063416945,13902.92721506012,9899.755303129787,5087.900109801034,7590.058628403931,254.64233718433388
2025-03-18,385.2,39.0,2.97,1774.8142412520235,85.98958615486323,14185.607691235196,9759.881566444179,4835.990013420815,7158.061722001643,263.14300296735746
2025-03-19,374.0,40.0,3.01,1779.2795793827584,85.07903674138485,14610.32932311368,9788.546038955566,5090.051110305532,7211.3649527206435,269.2471564928055
2025-03-20,374.0,40.2,3.0,1781.8986216246653,81.6278380588395,14241.203507020638,9957.146063380875,5064.364963592729,7235.7416110357735,260.7577069905092
2025-03-21,371.0,40.9,3.05,1776.980138920357,82.76369358843762,13898.111886788842,9946.279658300802,5054.35792556894,7199.857759518432,264.99039520702354
2025-03-24,360.0,39.4,3.0,1789.9203845123182,83.43765064897353,13935.384206022509,10231.660354209307,5361.816332580376,7420.757550699462,264.781434710083
2025-03-25,363.2,39.05,2.98,1802.8805941338362,82.22153559497212,13985.150334553919,10196.117930902285,5230.362984024687,7452.508634780883,259.66529643268586
2025-03-26,374.0,39.05,2.94,1828.8941031692368,83.60042900403202,13696.868848531547,9826.903978764312,4684.343486973143,7429.79329830932,274.7305047650334
2025-03-27,367.0,38.0,2.89,1837.1450993342405,85.90662123456939,13511.424053512648,9569.601184440311,4398.8363961302675,7709.660985803232,277.05601686859154
2025-03-28,370.0,37.6,2.89,1821.3882131140547,85.78186175484151,12994.297830105657,9327.874220157508,4246.906013009138,7484.777335607912,261.7696042541502
2025-03-31,355.0,36.55,3.04,1819.6442733027754,85.69972747796258,12657.93305619785,9384.932938216778,4136.139165241853,7486.2114757644595,259.8861071981428
2025-04-01,355.0,36.55,3.04,1796.8533699176623,84.47090380538376,12903.606483607315,9491.808928003593,4292.84522110378,7565.453505792248,259.87326853084596
2025-04-02,361.6,35.7,2.99,1794.0025416475848,84.05707964716748,12828.239208879106,9594.503930412466,4399.710637970711,7689.90122248535,263.4154048152923
2025-04-03,353.0,34.15,2.91,1768.8189272527445,82.19621973485484,12222.627895233043,8850.291407116281,3844.6219295724295,6850.653259284969,243.09690721092193
2025-04-04,336.8,34.25,2.88,1691.4909536348714,83.86002769042314,11520.683812178011,8233.623857496888,3376.442958079657,6068.846391300962,212.29295450048448
2025-04-07,320.0,32.0,2.74,1552.8941899416577,82.05890050187134,11354.485110363968,8251.584482338803,3650.6552291140833,6224.588293203735,199.3518005616188
2025-04-08,348.0,34.9,2.81,1496.3437841004993,81.73406147250272,11633.556837963968,7981.312034436851,3598.3432942742365,6048.105379168701,213.69170450763704
2025-04-09,348.0,34.9,2.81,1468.3723388180895,82.42731111560195,11444.36903644267,8994.602871766605,4180.746882170904,6847.079212245182,244.92870860939001
2025-04-10,340.0,34.7,2.84,1566.425939783373,83.18348411471187,11884.304000772276,8493.609572226182,3857.0700623232406,6574.418189660646,226.40909678544995
2025-04-11,340.0,35.05,2.9,1525.3944689349403,83.86304976624295,12268.889483405379,8853.545254807803,3975.6009873551666,6738.1427744110115,231.63975967311853
2025-04-14,354.6,36.8,2.9,1563.5221078528136,84.0370974269445,12715.201121318301,8789.335869620845,4090.186297582841,6795.155367333064,227.78335489715573
2025-04-15,354.0,36.05,2.94,1609.8835701635296,83.6227353084219,13057.688693894728,8844.377994383918,4141.759247053298,6831.138530731201,231.602689301777
2025-04-16,340.2,35.45,2.82,1600.5080120147877,82.8454830899164,12730.439833007604,8462.677694663813,4050.9714587666967,6722.492663252255,228.7447935249329
2025-04-17,340.2,35.45,2.82,1637.509454947705,83.24530341418966,12796.514365906936,8455.366776214447,4133.688631438767,6840.24849752197,232.39995002393698
2025-04-21,340.0,36.0,2.82,1661.1716555311739,84.48777039898117,12796.514365906936,8239.163434750633,3815.2343216445297,6589.188567602541,230.13815225419967
2025-04-22,339.0,36.0,2.8,1683.1255833644411,84.7247922774071,12552.511864488171,8426.126217599667,4050.2559703013685,6693.535536579584,239.45823444915732
2025-04-23,353.0,36.0,2.58,1714.42042736831,84.22712477367024,12967.393956059943,8790.494202827686,4402.590883846278,6808.436261291499,247.57951315212267
2025-04-24,340.0,37.0,2.67,1687.5357851076492,84.37529436735163,13171.049472624667,9131.569959086191,4727.358427149797,7011.541218861385,264.13918388443017
2025-04-25,350.0,39.0,2.68,1689.7456727685299,84.87787940743588,13499.996893489204,9166.470570480218,4891.697129947599,7197.998539849854,269.30521254997257
2025-04-28,360.0,39.0,2.69,1679.2341344349284,84.03961437503092,13381.379233122823,9046.32077057613,4832.926188057172,7319.130371179199,267.41681431121833
2025-04-29,350.0,39.0,2.69,1682.3766848282203,85.46280974631135,12632.001493842898,9128.805419284618,4847.219583109836,7542.37425600586,269.7727963897705
2025-04-30,340.2,38.15,2.67,1687.9208641431067,84.99707127021404,12591.323882806757,9194.791169714299,4772.252115620649,7503.4487162780715,273.15799895954115
2025-05-01,340.2,38.15,2.67,1685.1396509447864,84.85702028710394,12474.314481497886,9492.519395236974,5154.068890647817,7657.778626698302,266.0229011198044
2025-05-02,358.4,37.95,2.63,1691.7121868897013,88.37138300082597,13175.348254603581,9872.131276875618,5300.753220745828,7922.382538143313,273.24340448101066
2025-05-05,353.4,38.9,2.7,1709.9766412989381,88.95050643804652,12949.438891036409,9670.08413003292,5267.594399919617,7926.989765167236,270.35207941810586
2025-05-06,375.0,39.0,2.67,1720.5970741081899,87.62073303690856,12917.425839202642,9433.533737034188,5186.724191039044,7916.3454221755965,268.9346018318174
2025-05-07,383.0,39.5,2.68,1708.6705195781883,88.30671677663055,12851.021500508345,9530.623968963337,5285.129074725002,7897.587210612488,268.1844077163696
2025-05-08,385.4,40.0,2.63,1715.512481384309,85.10341550655997,13064.442188978888,9574.661523187242,5301.12575081017,8085.719517379766,273.368494242668
2025-05-09,385.0,40.0,2.67,1730.5387829236258,85.85766270862851,12919.62639180161,9637.522426992422,5203.688890390098,7710.435391565552,271.4747046854973
2025-05-12,385.0,40.0,2.67,1733.2350968010257,85.9914356178096,13293.80268503985,10202.345611543686,5586.967426731193,7887.31380712433,276.2912947382356
2025-05-13,407.0,42.0,2.63,1753.9985326311382,87.63657405778058,13385.594127041017,10646.968385844491,5871.691414197441,8584.116529572755,280.1408329130936
2025-05-14,411.0,41.75,2.63,1761.5719476514753,87.97518631540831,13510.860419321643,10695.179507556371,6091.973306736618,9093.204842865001,292.55624198913574
2025-05-15,407.0,40.2,2.6,1797.9417136006925,87.6875672167697,13554.160589890682,10678.923075676197,5871.195890238043,9185.530820989981,282.3226875422479
2025-05-16,410.0,40.6,2.6,1808.564555446269,86.88765078378513,13436.334338313489,10648.299791892583,5891.026096228394,8985.608273298654,283.18214994583104
2025-05-19,416.0,40.0,2.55,1799.3131527404848,86.61610949184102,13437.82419852524,10639.144914586795,5927.919107624679,9078.799539543455,283.43350923202524
2025-05-20,400.0,39.65,2.51,1806.5677772317179,86.39520514419192,13668.695644502715,10633.916684968863,5925.980347207049,9059.392126807244,275.55813444791784
2025-05-21,400.2,39.75,2.52,1788.0826469766396,86.4070710215147,13549.873755089802,10488.861425750772,5742.578272968123,9061.746169482416,266.97905196161264
2025-05-22,400.0,40.0,2.5,1797.2990588176353,86.7345230178938,13689.09278766257,10729.238613684196,5774.238295883493,8917.4915138504,275.25519681911464
2025-05-23,404.0,40.05,2.5,1807.1647285571717,86.68100370013416,13404.077553743475,10513.191713809734,5778.712702487246,9116.814014263917,275.0714878902436
2025-05-26,405.6,40.4,2.5,1803.8956748273429,86.04855416078291,13710.660229723446,10477.057119323057,5758.850852171599,9085.478870153194,274.1260474435803
2025-05-27,404.8,41.0,2.49,1812.5447668541392,86.38905263029099,13819.682330010692,10768.840844964143,6060.437212974066,9134.467301953118,274.74158233490016
2025-05-28,410.2,39.45,2.5,1837.478002711811,86.37480475950896,13750.124352131697,10722.6393428226,6050.239481639932,9148.936646774295,275.71073077726396
2025-05-29,412.2,40.0,2.5,1821.6240174439122,85.93407220183826,13633.87400160199,10768.139619229827,6003.278161572613,8935.064499122615,271.0282388691903
2025-05-30,410.0,39.95,2.55,1826.8684846457245,87.11663254890547,13787.434541395962,10592.098825415596,5992.144451972097,8916.411201909184,270.76711888134014
2025-06-02,412.0,38.85,2.5,1833.9969176673021,82.61687447715761,13701.671238233192,10712.244089769898,6085.261027065106,9211.094500982668,270.58634645547863
2025-06-03,415.0,39.2,2.46,1830.694873251583,83.40851603789956,13889.33807631527,10818.581006923341,6232.046782967518,9209.352637945558,277.2194388072967
2025-06-04,411.0,39.85,2.46,1835.4566984590112,84.06352810979237,14030.69742772225,11093.78289120528,6267.6633531478,9353.059224072262,279.21239357719423
2025-06-05,409.0,41.0,2.47,1840.891617442199,85.95466438715191,14142.690571269359,11145.306245013198,6232.673403868568,9477.647478515632,281.43719141273505
2025-06-06,409.0,41.0,2.47,1841.6272795312627,86.21292724836603,14261.305229268059,11232.00539840979,6399.005011220084,9199.635407554626,287.19350029373163
2025-06-09,413.6,40.0,2.49,1855.733948335463,85.75243301603983,14072.596623331328,11343.875844567781,6219.336561943637,9152.294002276612,276.93780410022737
2025-06-10,414.0,39.55,2.5,1843.4795786091397,86.6569223933615,14246.154690284304,11629.062911014073,6016.059163214872,8713.03002389893,259.9412270376779
2025-06-11,415.0,39.95,2.5,1838.9622690676983,86.15162670021653,14020.980267782084,11766.72293380124,6158.708399016032,8613.11900685425,263.7921032289505
2025-06-12,415.0,39.95,2.5,1833.533892211786,86.28189770481397,13962.884488957434,11879.70035210863,6374.625641868508,8621.24154233979,258.1410338692476
2025-06-13,415.0,39.5,2.61,1781.1546231074142,84.23189385625383,13645.37558371496,11315.212909342255,6005.233727004379,8366.470022309572,247.66659041873936
2025-06-16,416.0,39.5,2.59,1840.2947184320653,87.60019406258809,14270.009806998236,12053.478010192921,6572.651068269624,8938.368153810734,266.13384977355963
2025-06-17,416.0,40.2,2.62,1849.0337139853145,87.42227363805833,14228.909275322887,11927.767513263214,6567.238205928326,8866.883008863835,270.6240158805849
2025-06-18,419.0,40.1,2.62,1822.6676600488797,86.62380695706462,13794.934755423255,11843.591674795956,6671.490925178194,8732.18544725678,261.36541983230563
2025-06-19,418.2,40.1,2.58,1830.7676559132124,87.17976288745555,13744.621798244809,11967.96699181886,6741.551496465894,8823.886374064023,264.1101452368166
2025-06-20,426.0,40.25,2.51,1827.4213869392881,87.11956361595902,13738.192008298234,11732.905725583842,6704.46800274789,8685.660806298838,254.22826977821387
2025-06-23,415.6,39.3,2.44,1838.1893990975261,87.24728172462422,13788.756673594587,11900.583176521817,6659.800244981656,8782.725868202513,260.8730350565529
2025-06-24,414.6,41.0,2.46,1859.199690707217,84.38473866748417,14212.218523880596,12400.93866410997,6960.658228299406,9017.46410082368,270.0282998730472
2025-06-25,417.0,40.65,2.53,1847.6622285652697,83.71769211579557,13825.832327763364,12362.114379858831,6818.195868551033,8743.121955745853,257.5632612783811
2025-06-26,413.0,39.9,2.55,1853.4948054763502,86.01719110154085,14010.092737695466,12489.317042554088,6970.927588554914,8935.208221043402,263.24789931259147
2025-06-27,420.6,40.0,2.57,1871.30880226676,85.99210310766088,14904.331602665767,12725.468894412043,7149.96088083199,8967.559908425901,276.9468087989808
2025-06-30,411.0,40.25,2.59,1881.1879644989267,87.20058421027622,14743.7938890311,12667.686093548953,7253.466237445653,9044.447163892211,284.4414807899284
2025-07-01,413.0,40.6,2.55,1860.979394313724,85.88137526072536,14314.016692556894,12326.673238949385,6789.814742163289,8348.23518371582,273.4670964960096
2025-07-02,415.0,40.5,2.59,1854.1355756599796,86.06157142078428,14471.09510108338,12861.338211747352,6913.338669794262,8317.613672791747,272.7634071031571
2025-07-03,419.0,40.7,2.62,1872.0856270345919,86.70142254461149,14688.824147043179,13025.873785130563,7162.65519023122,8383.77239127655,273.1582943241119
2025-07-04,419.0,39.5,2.6,1885.4095383333288,86.81633797281019,14456.877736630691,13054.20643022668,7178.23471839173,8402.007977744448,273.75244233566264
2025-07-07,418.8,39.7,2.66,1912.4625167036615,86.32456024092912,14665.85433636378,12796.953162169782,7120.5434418098885,8531.368442128296,280.59624906467434
2025-07-08,425.8,39.4,2.6,1909.3270415740635,86.06994491199613,14628.172975605805,12733.266784667969,7104.959056854248,8424.715034484863,271.2000107765198
2025-07-09,441.0,39.15,2.62,1896.8096061307474,85.6555244950716,14792.172743212033,12904.083856665064,7216.072792783729,8595.44404219056,280.8122447338101
2025-07-10,445.0,38.5,2.6,1911.7793596825868,84.7401142832964,14711.541703279128,12838.306615718466,6812.571804907202,8440.352495605475,277.9553990550994
2025-07-11,440.0,38.0,2.62,1916.4046337225222,86.74691865090749,14637.572608894065,12854.697268695105,6947.6998099267075,8363.346267507935,282.04999923706055
2025-07-14,446.0,36.85,2.6,1929.4872236086517,84.65665812955099,14527.13178701236,12772.198920186609,7035.437845285982,8534.048382705078,282.92473353698733
2025-07-15,443.6,37.95,2.65,1924.6112773608982,84.80915128901997,14698.693142462174,13278.497028187732,7208.715732925048,8966.85309154907,285.5613598381424
2025-07-16,443.0,36.75,2.61,1925.0246591885227,84.34832490983193,14430.12046606382,13330.537500815699,7106.741003883071,9151.355771591188,291.05055962390907
2025-07-17,445.0,37.2,2.52,1926.9232536048976,82.99943081318368,15395.751822236925,13615.788644051354,7341.450141433161,9365.16795160278,294.2729902267456
2025-07-18,438.0,37.3,2.5,1977.1845681859195,85.02981140670447,15520.394784070775,13606.410834472044,7377.331438189722,9645.273667449947,305.58150058364845
2025-07-21,445.0,38.0,2.52,1981.8485723996462,84.74347583125504,15390.194864473753,13467.182630684285,7186.936838231777,8852.616642523499,304.9874444001198
2025-07-22,443.0,37.443,2.6,1986.827853678079,84.54735372064816,15206.78807408186,13220.127907510614,7130.542857700901,8820.86968106078,311.653229699612
2025-07-23,473.6,37.344,2.58,2019.7871934153259,85.23070794413997,15496.678661442875,13495.483529588557,7383.404596018605,9002.812407791149,304.88175169658643
2025-07-24,460.0,37.344,2.59,2059.940353368186,85.0173681803833,15657.555819749039,13509.449527746998,7390.594272731629,8925.180149861146,301.89690781173704
2025-07-25,460.0,36.95,2.58,2060.6721589183794,85.30759779549646,15521.556947906349,13787.771466667356,7794.211499861733,8951.619716368092,304.23359858169533
2025-07-28,466.0,36.95,2.56,2051.5162075033345,86.0548393535417,15612.09615615655,13715.168677114998,8134.066833467921,9182.112162088626,301.6147348854829
2025-07-29,447.0,37.0,2.54,2034.8522508394499,85.88639374285873,15503.323384993844,13602.955814146786,8123.5248979145545,9144.616051950085,302.61690565166464
2025-07-30,445.6,37.0,2.53,2027.1875931001919,86.16569096813916,15568.940964198095,13749.675929297053,8241.770513147872,9113.877427101135,302.74669539527895
2025-07-31,448.0,37.0,2.5,2001.0970684659571,85.67807861447491,14708.840227772243,13685.019793333719,8328.609417913947,8970.56180487061,280.0258393696786
2025-08-01,455.0,36.8,2.5,2016.4875911562885,87.32950589239081,13995.060659225597,13532.503244225169,8227.227393614128,8970.395808178699,279.21600230598415
2025-08-04,455.0,37.0,2.48,2027.2736953979158,86.8351027847053,14437.94516844463,13641.818323468906,8082.0389841805445,9045.465573510737,286.24159766044613
2025-08-05,460.0,36.75,2.5,2031.3078655654704,88.94225466478338,14046.450146876437,13182.642519405345,7946.910876242444,8682.6610445166,284.9499661507798
2025-08-06,481.0,36.25,2.43,2062.215987050684,90.4541419234724,14084.60637635491,13158.481124355923,8026.922280159546,8483.697072899784,274.2797662830162
2025-08-07,494.0,35.75,2.4,2096.2842967741312,89.85716161560447,14495.550137143719,13749.81722446403,7978.119821757311,8529.529143172607,283.630038013649
2025-08-08,488.0,36.0,2.4,2135.0344042005536,89.30527233526404,14574.01560552349,13657.927203039697,7981.490245430439,8428.826430535584,278.6577723429109
2025-08-11,489.0,35.4,2.36,2122.575312609585,89.1913372620547,14260.637358589784,13617.060286240652,7943.382356913295,8316.09970083466,274.1134046140669
2025-08-12,494.0,35.0,2.36,2134.0973045722917,88.03016870395511,14491.052148474018,13774.631989777205,8184.461348086479,9926.580629376229,284.4798785758976
2025-08-13,490.0,34.0,2.35,2155.302813078759,88.48356581674463,14252.520937059557,13579.307042127883,7804.654668157513,9932.041401406866,291.148802086067
2025-08-14,481.0,34.4,2.35,2143.0521332474746,90.04552377025735,14499.434016078947,13499.49691114924,7496.879799717863,9854.881832416693,290.5324206887053
2025-08-15,485.0,34.0,2.3,2126.4053590653557,89.54960919029621,14441.612605264438,13482.814713029657,7585.4166243976215,10116.66074576904,292.74859623710654
2025-08-18,485.6,33.75,2.28,2115.6682027862475,88.78266793510005,14368.176483088806,13622.028897138021,7732.732023445133,10113.430781124567,290.9600878666879
2025-08-19,475.0,34.25,2.28,2121.147094910668,87.69700039513243,14613.070747645248,13113.05810065521,7344.534243914764,10212.768476486206,287.72375316143007
2025-08-20,489.8,32.7,2.29,2132.209055019291,88.76097768362645,14121.089155413138,12921.58517242351,7280.891096724954,10214.99158666993,287.4645196657184
2025-08-21,489.8,32.7,2.29,2155.9286590671463,88.25780956661775,14083.14475574941,12837.881840419723,7219.386218307889,10254.62157041626,286.0559836800385
2025-08-22,489.8,34.5,2.24,2162.8951587978913,87.32509791381966,14086.12824497625,13179.638148589409,7196.674809894292,10611.017367394408,293.4001006156541
2025-08-25,489.8,34.5,2.24,2124.3596778191522,87.43199297894776,13875.353616475537,13150.321026408405,7047.864980524464,10584.572126765444,282.7443770452883
2025-08-26,453.2,35.0,2.18,2114.165060670327,87.12873571745513,13666.80451858201,13381.464056313504,7242.454964798555,10671.335225837713,283.37499618530273
2025-08-27,485.0,35.1,2.18,2131.210873865192,87.14352695471122,13796.682898497673,13474.950016029761,7354.163709260465,10413.981309690862,281.8282459383008
2025-08-28,480.0,35.45,2.25,2126.412347442411,86.67090828571767,13874.805988304308,13341.627729642787,7590.800581411808,10543.605237742304,281.36659296525977
2025-08-29,483.0,36.7,2.22,2150.855515754778,86.9114515868003,13752.55009837636,12998.517305111222,7252.7948176119535,10618.78897549439,284.0557331638338
2025-09-01,481.0,35.0,2.17,2143.0315723002805,88.8560719739039,13828.785077586346,13046.698556455085,7279.678555337596,10658.149352419423,285.10863484130823
2025-09-02,480.0,35.0,2.18,2119.914656614177,85.75858590961444,13625.247808307628,12639.321120060398,6931.096229855873,10003.277113475953,275.848276031933
2025-09-03,472.0,35.0,2.18,2146.405770914052,88.2166521177482,14246.912562677802,13099.886553565739,7180.861535334756,10359.29525921325,281.6208126251222
2025-09-04,475.0,35.6,2.28,2154.979921374414,89.60374673321917,14282.05266156449,13321.036859791027,7189.788203879027,10862.984995496226,289.1680689355853
2025-09-05,487.8,35.15,2.28,2149.478840607048,88.90008486867393,14245.006400460517,13687.697128411499,7042.262848229875,10894.554734671023,293.371788962555
2025-09-08,482.4,36.9,2.25,2150.3701063347276,87.59746596654416,14784.651603237126,13859.184439922334,6898.011983449513,10802.842057529604,294.20553466913225
2025-09-09,489.0,37.2,2.2,2156.502390590683,87.79547582683949,14676.903013506026,14067.320663018385,7110.4184147052,10921.113247498171,299.8530607344437
2025-09-10,474.2,37.65,2.2,2247.7226972543,92.5643398525614,15045.138262486056,14690.682502676733,7789.8386028840905,11009.263515416882,302.26430149669613
2025-09-11,480.0,37.4,2.2,2244.0487555586224,92.69430323291218,15100.489836289935,14612.573786569177,7735.4992855057935,11212.879446029663,315.55840045343393
2025-09-12,481.4,38.0,2.18,2213.664869652472,94.09957071348913,15310.838686092347,14650.64162068523,7693.451437217474,11198.180022602843,342.71399688720703
2025-09-15,489.8,38.2,2.18,2198.1773563544198,90.29859466311765,15436.526835961356,14786.619814118603,7901.581728004385,10893.740736643667,351.18956374399204
2025-09-16,491.0,38.75,2.2,2203.038115306879,89.8421465939411,15131.90779992278,14840.135952004348,7792.9131008439,10791.170812278753,360.71401461935056
2025-09-17,507.0,38.95,2.2,2193.3427416809327,94.66823024583312,15034.209929506223,14777.181039630552,7748.491812348948,10591.990572822571,345.7174899411202
2025-09-18,507.0,38.75,2.26,2183.265886568125,94.24829416645485,15373.61370313599,15126.129898071289,8049.634544372559,10814.279861450195,360.36249458789825
2025-09-19,509.0,38.75,2.24,2160.163873542896,95.94014843798622,15347.17129083535,15032.90208101878,8207.62485153228,11026.449795180059,365.52715670736325
2025-09-22,508.0,38.75,2.29,2144.0013452244625,95.11760679024394,15184.622928065384,15453.581602400169,8674.367221656663,11023.805389666755,368.4884959926603
2025-09-23,499.0,38.75,2.26,2150.763686920244,94.90816362273162,15227.754265452371,15945.005494689569,8100.028422004078,10530.536476135254,359.26041747293493
2025-09-24,500.0,38.75,2.25,2153.3180286567076,95.45502371257949,15473.867858298483,15941.939696234185,8099.549725869438,10636.151104350574,356.02655812017474
2025-09-25,499.0,35.6,2.28,2158.028511454589,96.22662547403726,15407.452930995494,15829.418983734678,8053.51822632039,10720.872147141723,360.4187488555908
2025-09-26,494.0,37.2,2.43,2162.6575722954703,98.11602002194566,15678.60984839927,15741.499228231609,8038.778970560059,10712.838996653445,354.618306699238
2025-09-29,481.0,37.2,2.44,2176.8486088332484,99.40838100762188,15700.916182984036,15762.209651330137,8325.65090618364,10550.047454969783,355.25374727251074
2025-09-30,471.6,37.65,2.35,2208.6327907475334,101.16779408333932,15935.89559643479,16090.465149859665,8752.664774281671,10378.136270088493,349.55733028285977
2025-10-01,486.0,38.0,2.42,2232.973675698428,107.18810263875268,16477.55107180518,16669.144093683106,9403.296872563893,10600.262385575857,343.6160154571535
2025-10-02,486.0,37.45,2.44,2288.548236116664,110.7812375720953,16829.44629528465,16622.898767866194,9391.831201957539,10712.577470887452,351.81356699962635
2025-10-03,512.0,37.8,2.46,2281.0878376987903,109.49529665406753,16713.62194943338,16808.72708469897,9280.790829131089,10721.08192768402,357.15678833312995
2025-10-06,508.0,36.8,2.47,2287.24248935666,112.16818372539468,16694.62488534368,17374.171585258562,9419.541855214513,10973.376783370972,370.0257318239401
2025-10-07,512.5,37.95,2.5,2370.699901944258,109.76823127064137,16512.167863520855,16990.425645911135,9245.0128543303,11124.422400682059,365.16480941314694
2025-10-08,528.0,38.15,2.47,2334.106930187721,107.36919096467163,16561.794415562672,17527.092173533514,9701.763274280936,11177.946718202205,368.94359707012154
2025-10-09,526.0,38.0,2.43,2315.337352511593,107.2170175166628,16544.62157869526,17261.81698503578,9789.720881952322,10907.007781982422,357.9587172711181
2025-10-10,526.0,37.1,2.39,2322.9188583748296,108.12930030406766,16320.692371719271,16272.145242491388,9868.01291120064,10566.217376309214,342.42911584939975
2025-10-13,545.0,36.8,2.4,2299.8400112070885,107.95713720296631,16429.12335720519,17505.104550335556,10418.034085841733,10636.26785582886,345.41656325834265
2025-10-14,537.0,37.2,2.44,2257.3777371334786,108.35070430858761,16216.885950861255,17055.28053333168,10165.256837991416,10495.378626382444,343.2823357261659
2025-10-15,550.0,36.5,2.37,2263.410459795127,107.55630600837591,16394.041031034765,17562.217781422078,10477.240102136566,9493.067718569946,343.8928053352356
2025-10-16,540.0,37.75,2.36,2254.8867176691824,106.76230062944954,16784.72699438788,17256.24176383519,10306.005108523706,9434.513069694513,331.2085583116532
2025-10-17,542.5,37.4,2.38,2239.260872477645,111.02755817502465,16456.371291946984,16995.178638171055,10092.255645584024,9291.322764086304,327.3963510447884
2025-10-20,539.0,37.0,2.47,2237.1015640370592,110.92049483709398,16558.00788885577,17164.392997062532,10203.484178517829,9628.992532772827,329.4893747795868
2025-10-21,550.0,36.5,2.43,2256.44806144638,110.73305770428412,16654.32380467014,16995.661882377928,10158.568429145613,9573.62985863036,325.71278437013643
2025-10-22,540.0,36.05,2.46,2267.4091822971477,110.76178913684603,16377.915862506778,16669.90406759316,9971.503397911147,9115.998695565795,326.8591924865723
2025-10-23,553.0,36.05,2.42,2292.123757289219,111.65186004290885,16618.62309738699,16837.23660595715,10684.628482612607,9120.895712460333,333.8763816438677
2025-10-24,545.0,36.05,2.37,2304.061638818167,114.25790968639659,17005.770540271136,17152.447054842487,10896.047703190707,9064.622909033205,342.8684979810714
2025-10-27,535.0,34.55,2.32,2321.5416988456523,114.3940738200984,17381.409762428902,17357.08420587983,11305.285612497479,9390.665662567131,358.96858581676497
2025-10-28,540.0,34.15,2.32,2323.1730358953737,113.0180732646627,17063.145370040824,17378.335248842603,11060.767868987226,9277.235069827584,345.04273075607307
2025-10-29,531.5,35.5,2.32,2304.733736203699,112.8518037403913,17099.17681809524,17519.0369682312,11523.30848312378,9024.44832611084,350.1437610387802
2025-10-30,530.0,35.0,2.32,2270.9900384403495,110.62273698022828,16188.160636103055,17120.131708884845,11017.07888483035,8873.351887208875,340.297870500679
2025-10-31,530.0,35.0,2.32,2343.076108931171,112.0173881384068,16503.838309579278,17543.86364292365,11341.674760157184,9196.249842643738,353.72456741851784
2025-11-03,529.0,34.95,2.33,2318.1217354003247,113.75836657562724,16224.286117339938,17694.27071500104,11187.349962303415,9208.17056716187,355.0828767105486
2025-11-04,526.0,36.2,2.35,2303.5144488217393,112.3327163523038,15897.003369490694,17092.236058424925,10584.666995081818,9169.137884893804,338.9142107643129
2025-11-05,523.0,36.15,2.35,2298.8894152778,112.10717290868573,16049.9293979141,17068.98720069311,11163.979545461363,9242.685082224722,330.43068233282065
2025-11-06,525.0,39.0,2.39,2393.956479679707,112.45517360151078,15625.098530288877,16845.93307265779,10734.66147520725,9014.125449490966,330.4866379204941
2025-11-07,540.0,37.45,2.35,2378.614199953736,112.87255670608937,15443.216527184724,16723.020485705696,10568.97464200342,8820.970618176274,327.09480681438436
2025-11-10,530.0,38.0,2.26,2336.354466889386,113.6390374790445,15515.208982646876,17130.33689344907,10974.574375774944,9066.238762200926,344.99070305566784
2025-11-11,534.0,37.5,2.25,2387.47148216786,114.41762021964891,15749.134887986245,17007.163255881518,10532.043665416888,8377.789404270938,346.15560045661914
2025-11-12,552.5,39.0,2.31,2389.9249568268606,114.15344404788594,16065.037865488335,16981.382259781472,10201.745588904712,8442.168314465322,340.984667858429
2025-11-13,558.5,39.6,2.29,2393.887491186021,114.53254232284476,15834.306525528125,16554.068623711355,9666.967027060455,8279.584676908562,327.5414238310623
2025-11-14,543.0,39.0,2.3,2374.221312906656,114.49829198789901,15882.6735663143,16630.60942902649,10053.345347091672,8289.022644271841,318.378482765198
2025-11-17,560.0,39.0,2.46,2381.346652629469,114.82066404488,15631.57166998819,16484.723985264776,9810.145939190872,8586.86138343811,314.0169503849029
2025-11-18,547.0,38.5,2.32,2359.8579700387154,114.01919041071584,15230.517867183316,16243.680981485406,9703.950983318326,8675.086253927613,313.4012093008041
2025-11-19,542.5,39.05,2.45,2357.7819998370837,112.99024408033331,15220.382536189454,16459.540061950684,10017.478313446045,8432.387428283691,311.96249663829803
2025-11-20,549.5,39.15,2.37,2359.9624928234202,114.10655106758806,15277.114375841027,16207.32706796797,9387.750695003138,7710.7268932174775,293.14770948152545
2025-11-21,555.0,38.8,2.4,2351.82245201676,110.11429853563337,14875.096297050482,16079.82634843234,9409.473181092879,7738.5523437378,288.70799664688093
2025-11-24,550.0,39.75,2.42,2325.716773297736,110.36297822162399,14786.383610307523,16542.15563067107,9885.634553777578,7988.32258497132,307.51350688934326
2025-11-25,546.0,39.9,2.46,2348.0198205940383,111.17142140588166,14947.484889989128,16635.7116204669,9982.710670917295,8027.071647229313,308.62026316139236
2025-11-26,556.0,39.5,2.46,2363.116816463812,111.17966117871269,15210.774461700674,16907.719133465434,10105.107722142013,7890.459938626096,312.65641252384194
2025-11-27,546.0,39.9,2.46,2379.962738843698,115.64349708653835,15318.171744810496,16905.417756090173,10103.732275453862,7889.385936518549,312.61385560718554
2025-11-28,542.5,40.4,2.51,2381.900334834041,115.31055574390298,15462.965859934271,16951.822990863584,10529.278203063877,8147.375862890622,319.42449214744556
2025-12-01,547.5,39.9,2.48,2372.0227201599964,115.61533425413653,15363.564029678,16695.136003996013,10478.083261587017,7912.662561351317,308.24757483499525
2025-12-02,565.0,40.0,2.45,2373.5729626332172,116.3621054908014,15383.401804765217,16941.790241922718,10571.1026542373,8057.404026566772,307.49435145393363
2025-12-03,545.0,40.0,2.43,2384.1672926456845,116.25874166583654,15340.593285193687,17114.986390298232,10439.251241332619,7884.309781350719,307.6889400408745
2025-12-04,550.5,39.9,2.39,2398.012364839902,117.40841849107044,16061.468171000768,17107.05886574695,10739.512580235954,7970.232898199465,311.95801446151745
2025-12-05,587.0,39.15,2.39,2399.1785799122104,116.23280242631398,15945.66158101108,17271.832314324332,11159.67728323408,7914.253917980357,306.55255319973
2025-12-08,587.0,39.15,2.39,2383.490515780317,118.10773102409078,16029.560598240574,17630.650041901972,10921.06111378473,7551.202343457029,303.74339967880223
2025-12-09,600.0,40.0,2.45,2397.036798286478,118.44978292606736,15870.18463272482,17793.445050356095,10538.805059911392,7604.706636210321,304.40104762144074
2025-12-10,598.0,39.65,2.41,2406.382126046757,118.0141418532006,15855.801219873649,18250.594955358538,10778.93572046666,7367.488442990114,307.22579693241096
2025-12-11,608.0,39.4,2.69,2412.8420139948807,118.63892025245383,16243.50263929244,17880.05999639863,10528.204125742195,7463.70314185333,305.3868993645665
2025-12-12,610.0,40.0,2.65,2435.3717451318253,120.5652289740252,15994.721479787826,17079.335156778106,9476.02967251616,7349.300483586121,302.7427548203468
2025-12-15,581.0,39.2,2.72,2458.748552682941,120.72334263884292,16570.961036088287,16912.30500536086,9551.338480837177,7181.764878344722,296.5816080650329
2025-12-16,567.0,39.0,2.83,2456.9390848784105,122.43389342303757,16259.062876018781,16758.14291232126,9429.588409259799,7297.0101528445375,290.6590475618359
2025-12-17,577.0,39.1,2.89,2435.003655686135,120.55540727400464,15617.02166071004,16102.352624537889,8752.160243550315,6951.437658302311,284.60278662414566
2025-12-18,576.0,39.8,2.75,2433.7581502974763,118.08250477654032,15872.8337073394,16606.135137542034,9048.466236484295,7063.051450301515,288.4792789179992
2025-12-19,549.5,38.95,2.77,2423.2284971749727,118.99869046342042,15950.689663121419,16839.692860958632,9358.081102140015,7145.0028948425315,288.79939897117583
2025-12-22,574.5,39.0,2.7,2450.258127238535,117.20119853609077,15951.148579138271,17067.532114015194,9720.623586690635,7299.130606770632,303.0092615802005
2025-12-23,565.0,39.35,2.74,2500.0439622856825,121.35887629423749,16066.122733186103,17364.122884458397,9767.905896991026,7392.383146424254,298.5871576860809
2025-12-24,565.0,39.35,2.74,2503.317091208793,121.60409641052698,16048.05095602781,17460.707308441633,9797.238487669383,7415.672369003296,301.32594139915454
2025-12-26,570.0,38.9,2.74,2502.4457433945436,120.36572581281597,16044.616124058317,17708.237984407693,9845.289577031508,7514.5116351684555,302.69641063461313
2025-12-29,567.0,39.0,2.72,2492.5558017870694,120.84920715684937,16046.64792557379,17538.789343682816,9698.520611377433,7668.19049440918,298.78348974370965
2025-12-30,567.0,39.0,2.72,2515.480910401788,120.41451266865113,16091.717783675182,17535.495870424435,9664.796711035073,7551.600771093741,298.2985226731107
2025-12-31,567.0,39.0,2.72,2512.99480130216,121.49428214020688,15996.702341678834,17800.474845528603,9534.57023264654,7511.066231802979,293.80119830062904
2026-01-02,555.5,38.85,2.91,2514.3647876817113,121.0243972555481,16154.885409761764,18729.862543985248,10339.694132728036,7745.4186130645685,299.23738930473337
2026-01-05,570.5,38.95,3.07,2509.7524265111724,123.3989686943484,16294.46720837216,18812.759974678047,10203.00840518251,8202.430074241944,298.6862977113342
2026-01-06,603.0,40.5,2.95,2595.3226280651397,122.52607932580158,16407.836512248447,19255.236897048773,10336.857547141844,8446.370762642822,311.5149691942024
2026-01-07,590.0,40.4,2.96,2628.592563849284,123.5522834888254,16676.4810377234,18794.252528024837,10164.356128584594,8254.147355664056,301.14238927612314
2026-01-08,615.0,40.6,2.95,2578.161375744949,121.1532721977893,15983.26499023484,18764.234264431754,9531.609359035443,7956.43632222747,289.43281348915116
2026-01-09,625.0,39.9,2.97,2576.1273205256593,121.41394997196223,15975.606782815035,19032.41390967206,9665.392953010858,7892.76787401794,286.6980393301965
2026-01-12,626.0,40.6,3.02,2585.867092055507,123.55909765638262,16032.337917501856,19525.97308917262,10054.149414415879,7784.601127846981,289.2826167277144
2026-01-13,630.0,40.35,3.06,2614.571577173544,117.33084767770514,16195.096421836313,19482.140392303467,10207.515888214111,7677.972536087036,283.20874774456024
2026-01-14,608.5,40.3,3.04,2613.3700643280768,117.57858084730236,15729.309844939251,19330.7929889746,10144.729471102357,7439.975372314453,275.02664131938946
2026-01-15,628.0,40.45,3.03,2645.7059324149122,120.14821869110457,15976.84396223048,20220.384731500177,10260.17237459711,7377.008071899414,261.1698746024322
2026-01-16,611.5,40.0,3.05,2650.074299280129,119.42604465602403,15958.805279375349,20225.50811767578,10500.534343719482,7209.312391281128,260.0625067949295
2026-01-19,620.0,40.2,3.06,2632.0311425167856,119.8936826513751,15625.651161265278,20210.179935254157,10492.576367830392,7203.848713690182,259.8654148097994
2026-01-20,630.0,39.35,2.94,2609.7912278987633,119.16059194445172,15573.892383152535,19315.521096012555,10391.42145649949,7193.801120416261,267.6459690883639
2026-01-21,625.0,40.15,3.0,2607.754279230442,125.18995197158617,15600.102061529851,19254.120535209775,10764.535403230693,7188.4598348678555,261.1180110306741
2026-01-22,630.0,39.75,3.04,2598.6171808410177,122.81630913266727,15665.086067762799,19262.78192170139,10707.565361727553,7264.780514524842,269.1097633638383
2026-01-23,623.0,40.0,2.93,2629.5471436429766,123.07031328184858,15839.08467317516,19665.111147564836,10767.216611278243,7365.5137527124025,270.348234937439
2026-01-26,604.5,39.4,2.95,2628.48100998785,125.1454089093328,15989.416641281301,19513.110089813243,10679.10670395993,7423.825335716858,268.8211150959778
2026-01-27,619.5,40.05,2.94,2679.0381979784256,126.81195896226554,16221.95198768238,19874.60620709043,11166.923118819017,7505.209753292846,276.9210447909354
2026-01-28,645.0,40.0,2.79,2695.4666766866135,132.03662795040444,16346.630673757798,19989.738171799225,11368.64042333496,7428.485275688174,265.911015771866
2026-01-29,629.0,38.0,2.69,2704.532138326521,131.01376458908726,16705.518261679044,19822.386328675784,11443.362928165589,7153.092126739502,262.2995890525817
2026-01-30,642.0,38.05,2.65,2678.5895159311935,131.50686442841908,16789.484555862222,19341.960613136413,10945.293011722912,6851.3590643829375,252.90450531291935
2026-02-02,655.0,36.5,2.59,2635.4828005357012,130.09372391459135,16849.371400961798,19889.336312669097,11123.164173717261,6652.511940447381,258.2760594076535
2026-02-03,668.0,37.4,2.67,2658.565058161974,131.76402186057047,17076.759454217052,19668.020147826406,11191.419148038782,6371.032217004395,251.42613874660492
2026-02-04,658.5,38.35,2.71,2676.7590806053663,132.03965620376067,16961.66314674084,19097.197451191954,10753.463477471494,6261.901958316041,246.9167046506882
2026-02-05,660.5,38.15,2.8,2686.2485607093267,129.95722106551744,17009.072909525705,19393.366774288006,10472.09176729084,6399.224557436828,244.60516347322482
2026-02-06,661.0,38.8,2.8,2653.96266618804,126.91643968909806,17219.52911875906,20377.45400116837,11478.359655684326,6372.926170317078,250.71304953165054
2026-02-09,630.0,38.95,2.8,2589.6337040440435,129.3462850656796,17399.921615840416,20571.828871103935,11747.321434912737,6333.583668933716,247.85107227653498
2026-02-10,670.0,38.5,2.83,2594.7339688659317,128.2102880438511,17629.416201202697,21043.83578011184,11661.987527529127,6623.798457926023,251.90656060522088
2026-02-11,670.0,38.8,2.86,2584.492254272552,127.91690745728253,18239.100674959,21770.295839451137,14530.358334559423,6698.961538404546,247.43807427398679
2026-02-12,689.0,38.5,2.84,2594.2980422197575,126.87376237655616,18084.741395348796,21340.777549298247,13776.47498841025,6355.471524139401,248.83425540399548
2026-02-13,658.0,38.0,2.81,2545.316905078072,125.59886859487746,17792.306798140282,21108.686962259235,13576.749010322965,6181.847074003599,239.1889604089738
2026-02-16,660.0,39.0,2.8,2529.1148773484792,126.96689199624804,17335.114659666426,21040.165382556268,13532.677093813836,6161.7799837222265,238.41252152179732
2026-02-17,660.0,39.0,2.8,2536.716155977512,127.34849218822413,17180.80867974729,20976.986962735653,14092.882178919099,6282.186623349,247.21165085039138
2026-02-18,671.5,38.85,2.79,2528.0895114096847,126.91541646717121,17590.052937940156,20798.574125306914,14029.39006872417,6508.53362630005,256.80948491859453
2026-02-19,670.0,38.8,2.79,2561.564636357729,130.1072658193242,17441.845146282336,20773.674988580402,14076.61620352714,6639.923754211428,254.9359994831084
2026-02-20,680.0,39.0,2.7,2578.403093405655,130.12692510520282,17603.626826640422,21382.70599829848,14132.414542234677,6670.575122833252,254.0619113164903
2026-02-23,672.0,39.0,2.71,2589.2821399135546,132.1138836323791,17522.537168990213,21312.61913549935,14201.764755411947,6440.017369460751,241.99273656774494
2026-02-24,694.0,39.4,2.71,2558.513328440046,131.1982482860956,17556.31535765601,22099.243333495455,14571.141711696982,6167.92928708496,238.977751692295
2026-02-25,733.0,39.9,2.7,2553.6093778237587,132.67278758465534,17708.504074706194,22237.36216970766,15108.25108645123,6022.590918646543,242.70228487583154
2026-02-26,718.0,40.4,2.71,2531.8928724960583,131.42316190506094,18262.981359326754,21565.33772800374,14906.074797808891,6379.744435160828,247.9413685497093
2026-02-27,718.0,39.95,2.81,2530.670682487593,130.5574722542051,18508.880791532476,21450.00818876538,14664.926288602757,6242.381973274227,242.9031937187192
2026-03-02,680.0,38.5,2.7,2455.482142909958,128.73511390051138,17867.009810838805,21163.945564792608,14848.539379623486,6063.6729684365855,240.91010538661976
2026-03-03,709.0,37.25,2.69,2473.7666956956127,129.76371335631887,17002.273141912,20454.96613592282,14225.928424237296,5113.231576469727,237.5539115734864
2026-03-04,715.0,35.5,2.58,2440.9632748914983,130.7834669715962,17197.712975706767,20728.0918950832,14640.579349518986,5144.675605325319,238.98899819469443
2026-03-05,728.0,36.8,2.59,2454.0276593283807,130.29859160006714,16904.910397465595,20548.6479564989,14571.406338734378,5575.5021020294225,235.23110794200875
2026-03-06,718.0,36.0,2.55,2455.8486231851866,129.77853333188605,16748.433718281893,19813.864308559918,14202.833496877516,5405.572909914859,233.90062512910845
2026-03-09,687.5,32.0,2.44,2426.729945078059,123.555939906284,16415.840279648954,20474.4988923223,15594.979648543755,5317.701951187133,233.71920406417848
2026-03-10,710.0,34.0,2.49,2509.6192572170826,131.0710054267391,17253.057456820577,20421.40022442257,15964.22631229274,5273.513637286378,228.87179086990363
2026-03-11,730.0,35.1,2.54,2466.876053442634,129.12356352429492,16971.21404971327,20446.437378500006,15542.757217428647,5090.486295710754,225.4838566743374
2026-03-12,695.0,35.75,2.52,2499.484585396197,133.02408107131498,17153.360206947767,19845.85423281009,15715.4266279859,5045.304326000973,222.16874599456787
2026-03-13,685.0,35.5,2.64,2500.7768360077835,130.49946608411753,16725.922856356392,20009.828907034826,15384.070349047543,5112.871971130371,220.56692102249144
2026-03-16,695.0,33.65,2.51,2468.1301746742665,128.58918884727575,16292.369063301283,19682.689463014714,15387.764919467038,5092.195615875244,218.0625057220459
2026-03-17,704.0,33.65,2.5,2590.3413741147574,131.89763098798127,16944.722806536647,20592.941265080008,16010.008935492835,5225.619168153382,229.09439429340364
2026-03-18,702.0,33.95,2.51,2606.8872635286193,139.8314538258964,17052.142387523207,20069.128831564798,15678.158956177416,5004.0030140945455,222.1500062942505
2026-03-19,700.0,36.05,2.55,2602.0063268270374,134.33399695344855,16418.542177418865,20198.450433351332,16081.984039147384,4839.283929168392,219.91311983407013
2026-03-20,700.0,36.05,2.55,2600.453921637066,133.50316593497843,16091.484699650318,19552.22273783991,15228.089602396823,4693.5462794876075,211.909002026081
2026-03-23,698.0,35.5,2.53,2543.9340837077675,139.69554760366796,16463.207155967204,20073.843932845513,15216.034294087789,4743.51561530304,216.39800901365288
2026-03-24,686.0,34.8,2.67,2570.6922332186423,132.39537581510405,16451.941817320454,20387.98558824754,16124.353734705364,4662.263959682314,225.64143506866458
2026-03-25,704.5,36.65,2.77,2612.0822297767554,133.6940810303251,17017.7434061461,20822.149176162668,16570.84744663257,4949.601922322996,223.86340477022168
2026-03-26,696.0,35.2,2.76,2601.0373019855947,134.6472410284547,16268.021173695979,19519.58126027079,15139.839506090793,4791.2804674505605,222.58515628799432
2026-03-27,693.0,35.0,2.85,2601.8043012324715,134.8503597655681,15672.275206969933,19625.747177032987,15112.77657305135,4705.701280661626,214.93542055662147
2026-03-30,693.0,33.2,2.84,2599.094090028252,133.25862556947757,15582.440446047696,19110.142920340528,14172.280009826238,4739.399355074158,213.63912794529915
2026-03-31,688.0,35.0,2.95,2599.656164806154,134.86110788582715,15694.009259429455,20469.34642698057,15209.797622594051,5027.477640476078,222.20225984953868
2026-04-01,695.0,33.5,2.96,2639.5251488791628,135.35930796063224,16563.607375615098,20637.08605498541,15707.810149615165,4976.7601696435595,222.30658943740855
2026-04-02,695.0,33.5,2.96,2625.021368207789,134.16979758776412,16215.46937714482,20352.37517990498,15718.548987605609,4950.7873758911155,217.8153864856722
2026-04-06,685.0,33.35,2.95,2620.584038614766,131.88633161735737,16114.78364567441,20530.997818292468,15576.18609644717,4955.092417684937,214.36539709768294
2026-04-07,685.0,32.2,3.03,2608.249392569002,130.23068698437626,15897.240009165527,20663.213776757126,15728.956110569881,4879.81016874878,212.3221199806976
2026-04-08,699.0,33.3,3.0,2651.0208185746724,132.76437877671825,17626.437778500313,21847.94897606643,16816.145468183095,5105.80322370911,217.25550131034834
2026-04-09,699.0,33.3,3.0,2634.3899689068644,130.29412813237934,17499.210772459635,21703.868393940502,17117.34667525685,5086.750010737305,219.0409616151237
2026-04-10,720.0,32.2,2.97,2649.55293105313,133.04364667119253,17866.041629285988,22054.270528477617,17599.352472846396,5125.041821321414,219.50831758063305
2026-04-13,734.0,32.0,3.03,2660.684315187307,130.39348096187365,17931.766471820752,22095.846224624664,17972.26277549099,5178.378820765996,223.53144637924197
2026-04-14,720.0,32.0,3.02,2684.819392503948,132.8114507178968,18631.23103051785,22776.530973207206,18656.527210382046,5144.217565771483,229.5667185528564
2026-04-15,735.0,32.0,2.99,2673.4750990748093,130.611592693017,18464.420862715877,22343.02268229425,17977.017897211947,5393.152924722293,234.04361173286452
2026-04-16,715.0,31.5,3.0,2670.398872284075,132.78971921415777,18693.44537081542,21766.739655992133,17657.656615699292,5428.158621286013,241.38492462070462
2026-04-17,709.5,32.0,3.0,2660.3643905467375,132.87747066479466,19392.470253488136,22173.995569153223,18433.183196400292,5478.795334910275,252.55368560749048
2026-04-20,715.0,32.25,2.99,2639.7204941172486,133.73988591482487,18836.362006131974,21760.09738259157,18720.478844532743,5320.554218247067,250.72234586921695
2026-04-21,700.0,31.8,3.01,2672.5756475012568,133.89618079817032,18904.260643646885,21988.398627933348,18704.389735221863,5199.206706548459,244.30222870803846
2026-04-22,706.0,31.7,2.95,2662.382342458192,134.51039639191757,19033.23374214478,23228.808679241687,18333.574928682297,5185.5977103530895,243.98570151739113
2026-04-23,710.0,31.5,2.84,2650.6635426233493,134.38822057213403,19056.099982263175,22965.130899486132,19350.84498100821,5013.919056465151,238.21379746074672
2026-04-24,710.0,31.5,2.81,2654.4855328541325,134.34546660520058,19192.00731525839,24270.258466169704,19547.794879669324,5164.506314565428,235.73940243206016
2026-04-27,712.0,31.5,2.74,2658.4365588255914,134.33137325569257,19221.54720110979,24492.529341394547,19541.63956534723,5182.40357918854,235.8118022043227
2026-04-28,706.0,30.2,2.66,2668.713953885557,135.8994295506199,18988.617839598544,23778.18547885865,18526.108480554074,5214.608191840816,234.48727786800373
2026-04-29,720.0,29.8,2.77,2669.885911326643,136.41582418640596,19134.81946201408,23997.362148143584,18696.359356287052,5082.1339218588255,233.31031673877715
2026-04-30,710.0,28.5,2.84,2781.9504068042056,136.94571841919222,19077.38082949232,24394.032378609292,20275.439706812846,5240.151515617676,235.83151611183166
2026-05-01,710.0,28.5,2.84,2779.147905024109,136.80776102832442,19018.66840861247,24325.375046000117,20125.483214044943,5285.180389212037,225.01871366981504
2026-05-04,753.0,29.8,2.78,2777.697913267294,135.0611170772731,18403.264077420157,24511.08857904689,20242.877816847875,5224.9569088668795,221.4534902372361
2026-05-05,747.0,28.05,3.0,2787.962316095922,136.15880146467472,19371.332735746604,24258.568190747872,21019.508567732293,5208.192335861211,226.872009730816
2026-05-06,785.0,28.75,3.21,2799.2511388106195,136.0132148920383,20038.96892810546,25718.04801827995,22051.046227146406,5531.728862396238,231.666501704216
2026-05-07,785.0,31.0,3.23,2781.033392459646,137.97965974295485,19332.45677752972,25094.63167918846,20646.211772118695,5383.55041703186,230.18564999637601
2026-05-08,770.0,31.2,3.29,2758.8954440732678,136.82442082184647,19051.551257836665,24850.501478123013,20565.607025038917,5247.598945748905,225.07860570445064
2026-05-11,780.0,31.65,3.39,2803.5814352065545,136.91132100604642,19552.287431339115,24413.45307121938,22250.852440838353,5133.786608592229,220.7885118951799
2026-05-12,785.0,31.7,3.34,2843.970157938169,139.5518433533339,19084.158568384468,24203.22252820339,22414.128763659275,5863.460963145451,222.276601407194
2026-05-13,785.0,31.3,3.12,2888.203028577233,139.34735964850688,19315.149134363786,24459.25451318873,22683.80599377444,5734.833102861943,222.59886192192062
2026-05-14,792.0,30.8,3.17,2896.9231444788466,138.75168533881313,19457.87568552047,25544.325724803377,23056.219809902832,5414.187300497433,218.82313937125218
2026-05-15,805.0,29.75,3.15,2902.3544822779195,139.81442140741066,18929.234301759112,24825.965958430897,22823.271034068428,5429.7626688998425,218.47054836554526
2026-05-18,800.0,29.0,3.15,2922.2407964011627,140.91780719325027,18675.957680865882,24341.830748922075,20930.147164766095,5440.518003612669,218.13833192363745
2026-05-19,794.5,29.65,3.25,2976.372526377366,139.21742919908652,18296.173648971766,24037.396888418356,19795.039856279385,5356.198967751465,214.78800010681152
2026-05-20,800.0,29.25,3.1,2951.366380448788,139.6241907225207,18956.950261128313,24731.675078313798,19480.361949238926,5342.212303845212,216.6512359836197
2026-05-21,817.0,29.0,3.01,2938.8285544414534,137.06601737835828,18706.779707567603,24702.569260029122,19663.156567627448,5410.01331102234,216.49783358684545
2026-05-22,815.5,29.1,3.1,2968.0643463820265,137.64936984355094,19094.264316096895,24645.915064288303,19993.494568851776,5329.491446301574,214.35219027453422
2026-05-25,826.0,28.95,3.08,2998.360702613339,140.3221270365594,19877.889970512664,24848.912568956148,20158.172143065603,5373.3881107965135,216.1177144854355
2026-05-26,799.0,27.7,3.08,2974.9031188517906,139.62852147091442,19487.71531651336,25214.105656237807,19849.932852003258,5456.480531236273,220.04903816552178
2026-05-27,799.0,27.7,3.08,2971.1731741759895,139.45345470758014,19149.86464014581,25805.148678792757,19562.308204785804,5718.536989651184,222.72068741852763
2026-05-28,790.0,26.2,3.06,2969.1915207420025,136.6412967745991,19023.328547325164,25969.928486713325,19245.489215630572,5633.072102173464,216.89226122783657
2026-05-29,752.5,26.2,3.3,2991.341476239712,137.09522235810255,19099.64777651995,25347.668345225742,19164.97573474201,5496.709850237123,214.93817433483127
2026-06-01,780.0,26.25,3.21,3026.125316195005,138.68938949382323,19783.635090796262,26723.86968375137,19880.79230185598,5856.827098846436,221.9752778207876
2026-06-02,830.0,25.0,3.16,3124.4527241424885,139.1437213217159,20634.812247992057,27523.118587934878,20653.803969936445,5752.326205972291,222.3359880676271
2026-06-03,875.0,25.2,3.1,3135.2899555894983,134.95482420136634,20320.45671968562,26873.851341933478,20440.292037444888,5518.250414260256,210.34243884235366
2026-06-04,849.5,26.3,3.1,3081.3654192565896,134.51548345945173,20167.66770894717,27358.5753320792,19960.656344394083,5675.9667697158875,213.25709654369348
2026-06-05,855.0,27.1,3.45,3045.894723692537,135.15023519355393,19168.715333773976,25411.99964190065,18433.05597672891,5310.629073237302,204.91567870933522
2026-06-08,858.0,26.6,3.26,3003.1423578397503,131.59084934560522,19247.247029753184,26294.175638888497,18556.937377616297,5217.426255260012,205.6341516302491
2026-06-09,870.0,27.3,3.3,3042.4500698378806,132.17670729728692,18677.671607978053,26254.31390648475,17800.90843435144,5219.25069876801,202.94010250582687
2026-06-10,892.0,26.75,3.2,2950.9479413786953,131.24869154889018,18264.923636254083,25056.149333608104,17260.664237608667,5065.361135419924,200.91861142267226
2026-06-11,898.0,26.8,3.23,2976.136320726278,130.74081599827343,18670.94219004897,25785.905510325916,18238.0793484943,5247.569923526607,205.1506388436319
2026-06-12,898.0,26.8,3.23,3002.777162727592,131.05099178568472,18724.799012556403,25847.435868056025,18462.446217094548,5056.934944539797,201.2042993082523
2026-06-15,950.0,28.75,3.16,3040.429897580401,131.69289647667267,19232.168341077882,27082.096423461917,19138.46455783234,5317.024485018919,212.28830075664519
2026-06-16,960.0,30.0,3.16,2994.8576652610427,130.64026806126634,19349.25208784471,25660.08868003206,18053.596429498284,5231.083544861758,210.30390663393973
2026-06-17,900.0,29.75,3.1,3045.9510301957885,129.78440268106496,19721.889210190307,25962.706950856023,19079.570152227185,5457.485219593509,207.26909981145855
2026-06-18,925.0,29.5,3.12,3077.75543714884,127.77348374453916,20112.256266581026,27755.38940750854,20003.31559125823,5482.368081895751,214.41776893208498
2026-06-19,913.5,29.4,3.01,3090.118082754365,129.30148570817815,20037.136562025495,27937.465150976554,20134.537621856667,5518.332493341062,215.82435250105846
2026-06-22,861.5,30.0,2.95,3110.411499386903,127.62587495062581,20349.781081032816,28360.444155043922,21707.409190070815,5399.563583351439,211.6405746139717
2026-06-23,905.0,29.95,3.04,3128.9319904190206,126.49777986709223,19500.26107683115,26643.792477536015,19435.028144323733,5604.238533909607,211.25030338497163
2026-06-24,851.0,30.0,2.94,3134.4630172570237,128.2753660487869,19592.2608221385,27058.14504666289,19422.47328842315,5692.995099067688,214.21620431308747
2026-06-25,895.0,30.6,2.92,3118.537846190379,129.8014093633387,19437.060703978943,26637.481819584966,19936.930379543453,5450.70545735443,211.88002064655302
2026-06-26,885.0,30.0,2.96,3093.672879451914,128.60752378682557,19231.13181966114,26509.97379228822,18636.99952358706,5599.990565077518,217.67180379314414
2026-06-29,890.0,30.5,3.09,3126.0588464029292,129.71984593829876,19405.25688283744,27891.25865462341,18812.96327934845,5696.533447727968,229.20963795934676
2026-06-30,890.0,31.0,3.02,3089.303636935045,128.48479793267225,19896.50235340648,29148.48532416229,20435.739095944213,5848.984147135925,230.10194826059342
2026-07-01,900.0,30.8,3.08,3099.930456873654,129.81521384350592,19359.848358002546,27237.518527581473,19094.40644670592,6274.261647951964,238.51146322683326
2026-07-02,913.0,30.4,3.14,3154.6506652565354,129.6431783344358,19313.532208923876,26711.259310085443,18489.80712212494,6355.429208065791,239.94359908332808
2026-07-03,913.0,30.8,3.1,3149.9891032013916,130.22722613241214,19515.013367578165,26481.155038124998,18330.526589629822,6300.6803325469955,237.87660379352565
2026-07-06,894.5,31.5,3.21,3183.4181723397314,132.74153479713146,19565.68432266019,27765.207344213268,19571.892803214723,6452.8801345825195,236.60559907379138
2026-07-07,930.0,31.6,3.07,3258.550734010171,135.2982133413294,18803.14317784816,26525.192717111204,18738.164683355717,6391.383774038695,240.9876028942108
2026-07-08,950.0,31.95,3.06,3282.946981834596,135.40374517730962,18489.162518429664,26856.791075152578,19532.60215898743,6472.3523535369895,234.16259299507146
2026-07-09,971.5,31.1,3.0,3344.128266616565,132.37471224753887,18993.751514670952,26911.929220430902,19949.90993436158,6719.975904175721,238.96532977169045
2026-07-10,985.0,32.5,3.0,3343.5938042758485,128.14341833985017,18904.757074684785,26619.190297756344,19552.175519619137,6814.993649707641,240.98367505295755
2026-07-13,988.0,31.795,2.98,3368.8657940666776,135.63027359283416,18838.46699052346,25931.38426645205,18814.062886265572,6806.696639517206,242.34939690647116
2026-07-14,993.0,30.805,3.01,3430.9831305789035,134.80052981155748,19164.56772104665,25913.2604054315,18712.97360024904,6736.744819693908,234.23579265398985
2026-07-15,999.0,31.201,3.0,3481.573825825372,131.19111510852167,19003.709059869758,25828.643497353536,18753.2896279532,6856.769524885865,235.20886300076472
2026-07-16,990.0,31.696,3.0,3463.2723365882916,132.83521731114004,18666.297876399847,25224.003876433708,18105.7050505667,6539.009582670289,229.6225342476082
2026-07-17,998.0,31.3,3.0,3432.0823986431656,135.45183215089565,18481.163762008044,24511.307162105106,17816.33689537598,6402.092567913816,219.65852349564557
2026-07-20,1027.0,31.15,2.98,3427.2860841039014,133.46871583321405,18630.970614123285,24778.46046755067,17964.53919110808,6509.658530383604,222.96302952667247
2026-07-21,999.0,30.2,3.05,3434.4544409073856,130.2230651275581,18898.560023082762,26145.36017197417,18749.587732315063,6542.959712608339,215.5125026702881
2026-07-22,960.0,30.1,3.11,3517.0812685775563,129.39573578807824,18922.642221811228,25982.33890135039,18577.055239477544,6469.522774607845,206.64474871778475
2026-07-23,957.0,30.0,3.04,3516.9847903608725,128.23836017620684,18709.655812502344,25672.454304626444,18782.071991790785,6146.612651824951,203.85750208973877
2026-07-24,969.0,31.0,3.04,3523.812265485751,129.15243519847976,18788.322812251547,24854.090571844485,17889.078874731436,6161.000061035156,203.92909849491116
2026-07-27,979.0,30.7,3.0,3559.478899785764,129.6879310352421,18672.626520728772,24622.65494381287,17744.057172833243,6440.549645799561,206.68493941335691
2026-07-28,982.0,30.7,3.02,3531.26206947119,129.47801202558844,18375.000783383337,24200.03483265289,16628.078231510008,6625.693574403995,212.81670578413014
2026-07-29,980.0,31.2,3.01,3564.298865547067,128.31476142581462,17959.59447481113,23012.23153869016,13699.115979235852,6656.085370263667,205.75698800849932
2026-07-30,980.0,31.0,2.97,3569.734335892341,127.81414099566936,20057.928563430374,24787.43208070984,13982.14979171753,6529.510171441652,208.9640027484893
2026-07-31,963.0,31.35,2.91,3551.3477500002973,130.02098047076154,20527.197324751105,24865.416821479797,14858.970745045459,6565.577089440922,215.2849941253662
2026-08-03,1005.0,31.05,2.91,3551.3477500002973,130.02098047076154,20527.197324751105,24865.416821479797,14858.970745045459,6565.577089440922,215.2849941253662
2026-08-04,1003.0,32.25,2.92,3551.3477500002973,130.02098047076154,20527.197324751105,24865.416821479797,14858.970745045459,6565.577089440922,215.2849941253662
2026-08-05,1005.0,32.3,3.0,3551.3477500002973,130.02098047076154,20527.197324751105,24865.416821479797,14858.970745045459,6565.577089440922,215.2849941253662
2026-08-06,1000.0,32.1,3.03,3551.3477500002973,130.02098047076154,20527.197324751105,24865.416821479797,14858.970745045459,6565.577089440922,215.2849941253662
2026-08-07,985.5,32.0,3.02,3551.3477500002973,130.02098047076154,20527.197324751105,24865.416821479797,14858.970745045459,6565.577089440922,215.2849941253662
